time/total_timesteps,time/iterations,time/fps,rollout/ep_len_mean,time/time_elapsed,rollout/ep_rew_mean,train/explained_variance,train/value_loss,train/policy_gradient_loss,train/entropy_loss,train/learning_rate,train/clip_range,train/n_updates,train/loss,train/clip_fraction,train/approx_kl
1024,1,253,74.66666666666667,4,374.8333333333333,,,,,,,,,,
2048,2,171,122.42857142857143,11,532.2142857142857,-0.00017440319061279297,4691.024017333984,0.004227919678669423,-1.5960207730531693,0.00025,0.2,4,1973.447265625,0.224609375,0.017060809
3072,3,168,123.25,18,643.4,0.0018788576126098633,4719.013671875,0.05955316708423197,-1.5292494744062424,0.00025,0.2,8,2181.6318359375,0.508544921875,0.12121867
4096,4,168,129.20689655172413,24,686.7586206896551,-0.0038251876831054688,6542.613250732422,0.08583764106151648,-1.2043650038540363,0.00025,0.2,12,2575.8330078125,0.552978515625,0.82093
5120,5,167,121.225,30,720.4,-0.00023806095123291016,6889.616607666016,0.010748884931672364,-1.0509467124938965,0.00025,0.2,16,2677.614990234375,0.330322265625,0.040897653
6144,6,167,97.71186440677967,36,581.457627118644,0.012488126754760742,8488.97055053711,0.183921217918396,-0.4361887079976441,0.00025,0.2,20,3826.531005859375,0.884521484375,4.4111714
7168,7,167,83.65384615384616,42,496.0897435897436,0.033223092555999756,8306.961547851562,1.208973117172718e-07,-0.0002790026513821431,0.00025,0.2,24,3963.039306640625,0.0,0.0
8192,8,167,75.10309278350516,48,444.16494845360825,0.03233039379119873,5738.731597900391,-6.002082955092192e-07,-0.00010526447789516169,0.00025,0.2,28,3038.1318359375,0.0,0.0
9216,9,168,58.92,54,370.39,0.03826969861984253,4926.872497558594,-2.470653271302581e-06,-0.000332355603745782,0.00025,0.2,32,2280.0751953125,0.0,0.0
10240,10,169,43.91,60,264.69,0.049290359020233154,3879.9192657470703,-1.0255287634208798e-05,-0.001031492301990511,0.00025,0.2,36,1849.4925537109375,0.0,5.7625584e-09
11264,11,169,40.0,66,231.0,0.06988745927810669,2952.256591796875,-1.57556205522269e-05,-0.0016008793572837021,0.00025,0.2,40,1613.1298828125,0.0,0.0
12288,12,170,40.0,72,231.0,0.1222759485244751,2417.3685150146484,-0.00015992257976904511,-0.005781348198070191,0.00025,0.2,44,1054.9256591796875,0.0,1.9051367e-07
13312,13,170,59.65,77,230.51,0.264620304107666,1661.8914260864258,-0.0011735270090866834,-0.0159065657062456,0.00025,0.2,48,636.1845092773438,0.0,1.236971e-05
14336,14,171,59.62,83,230.64,0.5405192375183105,968.1750087738037,-0.003933432686608285,-0.07608437282033265,0.00025,0.2,52,146.6267852783203,0.022216796875,0.015218536
15360,15,171,59.62,89,230.64,-1.2113499641418457,1896.358413696289,0.007214338314952329,-0.05435592518188059,0.00025,0.2,56,599.3602905273438,0.022705078125,0.0073748934
16384,16,172,59.62,95,230.64,0.021559476852416992,368.90215599536896,1.0854273568838835e-05,-0.013147762510925531,0.00025,0.2,60,266.762939453125,0.0,5.3085387e-08
17408,17,172,59.62,100,230.64,-0.02379155158996582,242.60606980323792,2.2256135707721114e-05,-0.024982484756037593,0.00025,0.2,64,19.1176700592041,0.0,8.1176404e-07
18432,18,172,94.36,106,235.5,0.04255247116088867,244.41382503509521,0.00019577896455302835,-0.06717667228076607,0.00025,0.2,68,62.495140075683594,0.002685546875,0.0007010616
19456,19,172,109.95,112,242.51,0.2531077265739441,747.8511123657227,-0.0023529776372015476,-0.1130525900516659,0.00025,0.2,72,383.0347595214844,0.01220703125,0.010113887
20480,20,172,117.46,118,273.46,0.09397757053375244,1915.6945190429688,0.003436463186517358,-0.27210428239777684,0.00025,0.2,76,899.9395141601562,0.03759765625,0.08141327
21504,21,172,126.28,124,311.99,0.0056119561195373535,3302.17431640625,0.013378048897720873,-0.3168781967833638,0.00025,0.2,80,1623.426025390625,0.07861328125,0.02414039
22528,22,172,127.1,130,315.86,0.19175785779953003,2839.9677124023438,0.024982110771816224,-0.2921845577657223,0.00025,0.2,84,1368.015869140625,0.048828125,0.071623035
23552,23,173,135.42,135,339.07,0.4241843819618225,2088.153984069824,-0.0027493970410432667,-0.07848367094993591,0.00025,0.2,88,713.114501953125,0.00830078125,0.019299671
24576,24,173,138.36,141,350.97,0.03530740737915039,2959.4181594848633,0.014763989893253893,-0.15947392699308693,0.00025,0.2,92,1361.4168701171875,0.09375,0.07720822
25600,25,173,145.86,147,367.99,0.32582199573516846,1832.4306564331055,-0.0034437984868418425,-0.1483515501022339,0.00025,0.2,96,953.1012573242188,0.011962890625,0.037872214
26624,26,172,158.13,154,407.02,-0.16398310661315918,2976.3533477783203,0.004828900448046625,-0.29778782185167074,0.00025,0.2,100,1377.4981689453125,0.059326171875,0.02370643
27648,27,172,142.43,160,422.56,0.00848156213760376,3487.363021850586,0.02093032788252458,-0.22875222098082304,0.00025,0.2,104,1904.7618408203125,0.132568359375,0.08361841
28672,28,172,93.65,166,414.36,0.2116173505783081,3784.180404663086,0.00830078381113708,-0.005428947253676597,0.00025,0.2,108,1904.9215087890625,0.01171875,0.056821894
29696,29,172,79.48,171,352.89,0.5367484092712402,1803.6914443969727,-0.0005146604089532048,-0.003330952244141372,0.00025,0.2,112,614.064453125,0.0,4.3661566e-07
30720,30,173,77.32,177,344.94,0.7138946056365967,683.1016368865967,0.0008436038042418659,-0.03712325249216519,0.00025,0.2,116,154.06178283691406,0.003173828125,0.005217764
31744,31,173,77.32,183,344.94,-0.3409610986709595,990.9150390625,0.008062515800702386,-0.034629755245987326,0.00025,0.2,120,282.3483581542969,0.011474609375,0.0016369381
32768,32,173,77.32,188,344.94,-0.6314249038696289,174.9856115579605,0.00027145820786245167,-0.020256831805454567,0.00025,0.2,124,9.398026466369629,0.0,4.4796616e-07
33792,33,173,86.41,194,347.15,0.17959356307983398,474.80059242248535,-0.0013937071926193312,-0.047269429778680205,0.00025,0.2,128,184.8388671875,0.002197265625,0.0039859563
34816,34,173,127.11,200,368.72,-0.07132267951965332,620.6073417663574,-0.0028478299209382385,-0.08122304920107126,0.00025,0.2,132,217.68077087402344,0.00390625,0.0030068147
35840,35,173,118.86,206,341.6,0.016390502452850342,2617.2825622558594,0.0012589401740115136,-0.16296314867213368,0.00025,0.2,136,1192.1746826171875,0.025146484375,0.008452052
36864,36,173,119.61,212,354.34,0.428331196308136,2242.6988830566406,-0.00017837388440966606,-0.09033534687478095,0.00025,0.2,140,1225.6641845703125,0.010498046875,0.012943083
37888,37,173,114.51,217,358.2,0.18837624788284302,2866.284133911133,0.002449421095661819,-0.2641647281125188,0.00025,0.2,144,1202.924560546875,0.037353515625,0.0056306007
38912,38,174,114.51,223,358.2,0.13761299848556519,3258.799331665039,0.013532887503970414,-0.16744609388570098,0.00025,0.2,148,1752.3272705078125,0.078857421875,0.23684385
39936,39,174,114.51,229,358.2,-0.29405641555786133,320.8900637626648,-8.962524589151144e-08,-7.414464786137387e-06,0.00025,0.2,152,28.996578216552734,0.0,0.0
40960,40,174,114.51,234,358.2,-0.07831215858459473,259.711017370224,8.841743692755699e-08,-2.0010690384708596e-05,0.00025,0.2,156,143.2454071044922,0.0,0.0
41984,41,174,114.51,240,358.2,-0.12887561321258545,183.96748530864716,4.2791361920535564e-07,-7.880874345289612e-05,0.00025,0.2,160,22.281620025634766,0.0,0.0
43008,42,174,114.51,246,358.2,-0.14035570621490479,113.69047951698303,2.8741633286699653e-06,-0.00045284781117516104,0.00025,0.2,164,13.764314651489258,0.0,0.0
44032,43,174,114.51,252,358.2,-0.07275950908660889,119.24623882770538,3.491312963888049e-05,-0.005827039392897859,0.00025,0.2,168,36.26897048950195,0.0,0.0
45056,44,174,132.03,258,358.42,-0.11455106735229492,45.03393596410751,5.952722858637571e-05,-0.011125360324513167,0.00025,0.2,172,14.920550346374512,0.0,8.525094e-07
46080,45,174,186.13,264,343.32,0.3044491410255432,356.41217136383057,-0.0013090072752675042,-0.04571967199444771,0.00025,0.2,176,114.89749145507812,0.003662109375,0.0049926396
47104,46,174,188.78,270,348.57,0.490268349647522,1453.976318359375,0.009616603521862999,-0.020118541113333777,0.00025,0.2,180,607.0702514648438,0.009765625,0.004486651
48128,47,174,196.86,276,380.69,0.36323219537734985,1571.5637130737305,-0.003191194758983329,-0.12525683757849038,0.00025,0.2,184,698.3334350585938,0.036865234375,0.06614339
49152,48,174,204.65,282,411.49,-0.20207595825195312,4183.162658691406,0.013675639755092561,-0.3601768733933568,0.00025,0.2,188,1680.8404541015625,0.138671875,0.10605131
50176,49,174,208.22,288,435.78,0.10413825511932373,5200.080871582031,0.06457774282898754,-0.06540294955777881,0.00025,0.2,192,2287.65869140625,0.4208984375,1.7965636
51200,50,174,199.13,294,433.51,0.47557711601257324,2437.204521179199,-1.0346760973334312e-05,-0.0002868342216970632,0.00025,0.2,196,1132.3779296875,0.0,0.0
52224,51,174,157.61,299,408.07,0.6239345073699951,1556.524314880371,-0.00010787819337565452,-0.0011414023642828397,0.00025,0.2,200,687.1847534179688,0.0,4.656613e-09
53248,52,174,155.87,305,403.78,0.7613396644592285,875.7767448425293,-0.0013948688574600965,-0.007646042940905318,0.00025,0.2,204,312.62738037109375,0.0,8.630741e-06
54272,53,174,155.87,311,403.78,0.6026140451431274,1158.484619140625,0.0015961351164150983,-0.044529473525471985,0.00025,0.2,208,521.5595703125,0.005126953125,0.007090416
55296,54,174,169.95,317,405.26,0.6569076180458069,596.5680294036865,0.0014069894677959383,-0.05064324470004067,0.00025,0.2,212,177.15296936035156,0.00146484375,0.00015261624
56320,55,173,171.99,323,408.88,0.56681227684021,663.1283130645752,0.0003595311427488923,-0.030933616100810468,0.00025,0.2,216,309.9334716796875,0.00146484375,0.0006788327
57344,56,173,189.45,329,358.83,0.5081391334533691,375.39445400238037,0.001640493981540203,-0.07590381265617907,0.00025,0.2,220,119.60755920410156,0.00244140625,0.00056926406
58368,57,173,134.03,336,354.38,0.2536478042602539,1431.2470169067383,0.006345093948766589,-0.02305606275331229,0.00025,0.2,224,758.5474243164062,0.0087890625,0.0055678748
59392,58,173,113.64,341,351.57,0.6105856895446777,685.2152214050293,0.004167792038060725,-0.045796280493959785,0.00025,0.2,228,365.6669921875,0.0029296875,0.0005791979
60416,59,173,118.73,347,361.91,0.4109746813774109,998.015251159668,-0.0009341263212263584,-0.03607774875126779,0.00025,0.2,232,556.451416015625,0.001708984375,0.0006491358
61440,60,173,137.2,353,350.9,-0.1973501443862915,1243.0800819396973,0.0006458896532421932,-0.11131864786148071,0.00025,0.2,236,596.2689819335938,0.010986328125,0.0021839985
62464,61,173,132.86,359,336.56,0.12525075674057007,3023.936569213867,0.0004597306251525879,-0.23869988787919283,0.00025,0.2,240,1297.7620849609375,0.03662109375,0.025249109
63488,62,173,136.29,365,347.85,0.11250424385070801,3578.5498809814453,0.015610571368597448,-0.1253111562691629,0.00025,0.2,244,1484.43798828125,0.037109375,0.027402751
64512,63,173,136.29,371,347.85,0.2961181402206421,2787.7568359375,0.0121782825444825,-0.005487976331338018,0.00025,0.2,248,1077.766845703125,0.012939453125,0.15797852
65536,64,173,136.29,377,347.85,0.6695542335510254,1142.9663581848145,-6.313514313660562e-05,-0.00029849149333927016,0.00025,0.2,252,609.75390625,0.0,9.313226e-10
66560,65,173,118.9,382,338.98,0.8381715416908264,672.8171977996826,-0.000997274968540296,-0.004207592070542887,0.00025,0.2,256,146.44100952148438,0.0,8.0186874e-07
67584,66,173,118.9,388,338.98,0.8099019527435303,683.5211486816406,0.00010905064118560404,-0.04192510890425183,0.00025,0.2,260,306.3672790527344,0.019287109375,0.0041417093
68608,67,173,118.9,395,338.98,0.1448817253112793,490.73014068603516,0.0074202659307047725,-0.015794801205629483,0.00025,0.2,264,200.59988403320312,0.005126953125,0.0014147838
69632,68,173,118.9,401,338.98,0.8700119853019714,65.13831198215485,0.00105697987601161,-0.01209042829577811,0.00025,0.2,268,19.180706024169922,0.0,2.1694577e-06
70656,69,173,118.9,407,338.98,-0.39591312408447266,356.8074607849121,0.0037615589681081474,-0.018358710018219426,0.00025,0.2,272,66.50575256347656,0.002685546875,0.003086066
71680,70,173,138.54,414,336.48,0.46593374013900757,166.73596239089966,-0.0004986212006770074,-0.024737870640819892,0.00025,0.2,276,41.15147399902344,0.000732421875,0.0073284665
72704,71,172,160.01,420,340.82,0.45692479610443115,745.4477443695068,-0.004989527864381671,-0.0856192831415683,0.00025,0.2,280,225.8185577392578,0.002197265625,0.0040790886
73728,72,172,168.85,427,369.18,0.44864797592163086,1278.9078102111816,-0.003857543517369777,-0.2356938924640417,0.00025,0.2,284,485.96551513671875,0.12841796875,0.09513334
74752,73,172,174.24,433,391.86,0.334913969039917,2233.0247344970703,0.014815551257925108,-0.16510744532570243,0.00025,0.2,288,1055.166259765625,0.102294921875,0.039353948
75776,74,172,177.43,439,412.45,0.21972548961639404,2439.04549407959,0.0033358608052367344,-0.4354756399989128,0.00025,0.2,292,1108.76953125,0.05908203125,0.020532336
76800,75,172,148.57,445,383.95,0.14609181880950928,2735.84912109375,0.022896219277754426,-0.06330647505819798,0.00025,0.2,296,1086.9276123046875,0.105224609375,0.1524392
77824,76,172,154.86,451,388.05,0.4927973747253418,2056.2488021850586,-0.011871296912431717,-0.17777217563707381,0.00025,0.2,300,805.0538330078125,0.063720703125,0.13034153
78848,77,172,158.26,458,398.28,0.3619604706764221,1964.552146911621,0.018070659192744642,-0.37794525921344757,0.00025,0.2,304,905.8143920898438,0.181396484375,0.0059167817
79872,78,171,160.35,464,405.51,0.3423067331314087,2905.572006225586,0.012832658365368843,-0.31324948836117983,0.00025,0.2,308,1657.6611328125,0.12890625,0.051541027
80896,79,172,160.35,470,405.51,0.41969847679138184,3122.2295837402344,0.007143025082768872,-0.009973819207516499,0.00025,0.2,312,1223.82568359375,0.00732421875,0.0140161235
81920,80,172,164.62,476,408.75,0.8382704257965088,481.8711185455322,-0.0034712210472207516,-0.049513644946273416,0.00025,0.2,316,131.32968139648438,0.0,0.00022068631
82944,81,172,181.09,481,418.67,0.3295924663543701,798.2907485961914,0.002678050601389259,-0.05489730043336749,0.00025,0.2,320,295.9832763671875,0.00927734375,0.0015286605
83968,82,171,193.21,488,433.43,0.49803024530410767,1068.2184753417969,-0.0007515334873460233,-0.07465513213537633,0.00025,0.2,324,536.7633666992188,0.005859375,0.0071783466
84992,83,171,201.49,494,455.64,0.5211753845214844,1562.4707717895508,-0.0043962539930362254,-0.1969982939772308,0.00025,0.2,328,664.9064331054688,0.02734375,0.02504124
86016,84,171,153.04,500,469.76,0.39538776874542236,2158.061065673828,0.003975238825660199,-0.22670329362154007,0.00025,0.2,332,867.1709594726562,0.040283203125,0.007030005
87040,85,171,144.01,506,486.65,0.36218130588531494,2632.6023864746094,-0.0038801913033239543,-0.18185602501034737,0.00025,0.2,336,1130.725341796875,0.0185546875,0.025509998
88064,86,171,129.34,512,445.62,0.12747740745544434,2487.077949523926,0.00947004693443887,-0.2562350295484066,0.00025,0.2,340,1128.9019775390625,0.143310546875,0.04035551
89088,87,171,126.92,518,426.88,0.35501956939697266,2917.8958435058594,0.008005424693692476,-0.04314767010509968,0.00025,0.2,344,1267.9068603515625,0.0126953125,0.01115787
90112,88,171,131.03,524,437.27,0.5539835691452026,1315.2310104370117,-0.00414493220159784,-0.11175129376351833,0.00025,0.2,348,535.26708984375,0.029541015625,0.07591925
91136,89,171,133.0,530,455.57,-0.1005251407623291,2546.822982788086,0.005087155208457261,-0.23078850284218788,0.00025,0.2,352,1115.2774658203125,0.047119140625,0.009118175
92160,90,171,131.84,536,442.73,0.274305522441864,2550.989761352539,9.958804002963006e-05,-0.15108302561566234,0.00025,0.2,356,1245.3353271484375,0.01513671875,0.018662129
93184,91,171,137.56,543,464.29,0.4521213173866272,2499.14404296875,0.010550349281402305,-0.2528204843401909,0.00025,0.2,360,1265.223388671875,0.107177734375,0.01459844
94208,92,171,137.87,549,475.08,0.3021136522293091,3166.848159790039,0.009500299289356917,-0.2855127672664821,0.00025,0.2,364,1585.8499755859375,0.08154296875,0.039575506
95232,93,171,123.46,554,487.06,0.5040804147720337,2670.7557373046875,-0.0006230641156435013,-0.11724461708217859,0.00025,0.2,368,1402.023193359375,0.011962890625,0.004775872
96256,94,171,125.19,560,506.85,0.3154987096786499,2436.5401000976562,-0.0018265290564158931,-0.169173130299896,0.00025,0.2,372,1217.144775390625,0.020263671875,0.009674343
97280,95,171,121.98,567,510.2,0.35206884145736694,2756.3122177124023,0.003279521013610065,-0.3317950386554003,0.00025,0.2,376,1614.2769775390625,0.072021484375,0.007811589
98304,96,171,123.23,573,513.42,0.4145914316177368,2613.4095306396484,0.004281881760107353,-0.3673292137682438,0.00025,0.2,380,1439.4241943359375,0.09619140625,0.024826532
99328,97,171,124.48,580,519.25,0.44305384159088135,2904.0950927734375,0.07959367692819797,-0.27572316117584705,0.00025,0.2,384,1186.2962646484375,0.56494140625,1.9506426
100352,98,171,117.12,586,495.67,0.5499085783958435,1477.554214477539,0.00029185149469412863,-0.004227452933264431,0.00025,0.2,388,481.7360534667969,0.0,1.344597e-08
101376,99,171,119.59,592,472.81,0.8110195398330688,547.1505699157715,0.00010471727000549436,-0.007709373348916415,0.00025,0.2,392,110.29499816894531,0.0,5.5041164e-07
102400,100,171,117.45,598,467.17,0.8884983062744141,370.7109031677246,-0.0014019188238307834,-0.024498003796907142,0.00025,0.2,396,156.4692840576172,0.000732421875,0.00146886
103424,101,171,143.77,604,476.47,0.5975736379623413,745.002721786499,0.0027295566396787763,-0.031522787699941546,0.00025,0.2,400,472.1980285644531,0.005859375,0.00038623874
104448,102,170,143.77,611,476.47,0.3628906011581421,1108.6714553833008,0.0010106200934387743,-0.028970664308872074,0.00025,0.2,404,409.4585876464844,0.006591796875,0.0032241484
105472,103,170,162.63,616,482.62,0.37505239248275757,328.1235656738281,-0.0016146297566592693,-0.13681007036939263,0.00025,0.2,408,199.7167510986328,0.019287109375,0.0044859815
106496,104,170,166.16,623,480.29,0.4985824227333069,1239.7138786315918,-0.00432366703171283,-0.15253766626119614,0.00025,0.2,412,495.4949951171875,0.024658203125,0.0066240993
107520,105,170,153.12,628,430.39,0.6203696727752686,1013.6858787536621,-2.324950764887035e-05,-0.35045326314866543,0.00025,0.2,416,457.4615478515625,0.10302734375,0.019634005
108544,106,170,151.79,634,415.59,0.5610036253929138,1818.1277542114258,-0.0006139214965514839,-0.16117632668465376,0.00025,0.2,420,875.0274658203125,0.00927734375,0.0072687753
109568,107,171,156.4,640,434.32,0.3178144097328186,2309.810646057129,0.0016418110753875226,-0.1786732254549861,0.00025,0.2,424,1026.0196533203125,0.031982421875,0.006221244
110592,108,171,160.69,646,446.88,0.3369690179824829,2309.2274475097656,0.00028413592372089624,-0.16133045218884945,0.00025,0.2,428,1025.7208251953125,0.015625,0.002330699
111616,109,171,154.44,652,427.59,0.3409653306007385,2937.5826568603516,0.0024495081743225455,-0.2020947290584445,0.00025,0.2,432,1602.61328125,0.031005859375,0.004004698
112640,110,171,148.2,657,398.24,0.36278897523880005,2324.6742248535156,0.0020868515712209046,-0.14026686642318964,0.00025,0.2,436,1044.8072509765625,0.014892578125,0.0041847406
113664,111,171,156.25,663,419.21,0.5104517340660095,2319.8291549682617,-0.01031266269274056,-0.21449737017974257,0.00025,0.2,440,957.5535278320312,0.0888671875,0.05309417
114688,112,171,160.06,669,438.65,0.3189758062362671,2772.8904724121094,0.009880735480692238,-0.31182385608553886,0.00025,0.2,444,1345.0177001953125,0.091796875,0.010607076
115712,113,171,159.69,675,459.78,0.4287916421890259,2132.718879699707,0.015827909170184284,-0.28049226524308324,0.00025,0.2,448,738.3104858398438,0.09375,0.068845786
116736,114,171,106.49,680,437.06,0.4462096095085144,3248.136474609375,0.003436118015088141,-0.03272897284477949,0.00025,0.2,452,1905.7535400390625,0.00830078125,0.0025484273
117760,115,171,113.84,686,451.46,0.6806894540786743,1658.6798286437988,-0.020296751812566072,-0.09072885988280177,0.00025,0.2,456,395.4957275390625,0.011474609375,0.015076342
118784,116,171,113.67,692,467.36,0.32844704389572144,2973.3463134765625,0.006173623114591464,-0.3041936308145523,0.00025,0.2,460,1409.2119140625,0.07470703125,0.005357139
119808,117,171,116.61,698,479.11,0.5256996154785156,2435.405693054199,0.0015379054530058056,-0.3761542718857527,0.00025,0.2,464,1273.3599853515625,0.083984375,0.020949539
120832,118,171,125.41,703,509.57,0.5605212450027466,1882.1236877441406,0.005842518788995221,-0.5862850751727819,0.00025,0.2,468,956.31494140625,0.18896484375,0.030826345
121856,119,171,130.1,709,518.75,0.6097426414489746,2431.1246948242188,0.008567045268137008,-0.5049348548054695,0.00025,0.2,472,922.4510498046875,0.23779296875,0.023330014
122880,120,171,131.46,715,514.31,0.7370938062667847,2010.227279663086,0.06343915348406881,-0.3127784999087453,0.00025,0.2,476,831.2041015625,0.700927734375,0.19441658
123904,121,171,133.07,721,517.8,0.6298405528068542,2763.769821166992,0.018359768844675273,-0.5214847289025784,0.00025,0.2,480,1111.2471923828125,0.28564453125,0.006394796
124928,122,171,131.66,727,510.8,0.5616098046302795,3114.4937591552734,0.030569712514989078,-0.39639533683657646,0.00025,0.2,484,1541.2342529296875,0.324951171875,0.29262313
125952,123,171,130.97,732,508.79,0.40859538316726685,4960.626037597656,-0.0011373307788744569,-0.16077601443976164,0.00025,0.2,488,3155.621826171875,0.03271484375,0.0060091494
126976,124,171,140.3,738,531.09,0.6749708652496338,2345.0925827026367,-0.005964131218206603,-0.40043905936181545,0.00025,0.2,492,1097.179931640625,0.045654296875,0.013027689
128000,125,171,138.2,744,525.68,0.7496001720428467,1805.9728317260742,0.0032436981273349375,-0.40613966435194016,0.00025,0.2,496,863.2025756835938,0.04150390625,0.009730284
129024,126,171,137.92,750,521.77,0.5264252424240112,3271.7511596679688,-1.9298255210742354e-05,-0.3926140610128641,0.00025,0.2,500,1278.3558349609375,0.08203125,0.012891622
130048,127,172,142.23,755,539.26,0.5558600425720215,2694.5382080078125,0.03621737292269245,-0.273382774554193,0.00025,0.2,504,1360.9210205078125,0.3037109375,0.22115852
131072,128,172,149.44,761,564.54,0.2551334500312805,3508.391845703125,0.0042230148683302104,-0.15675125923007727,0.00025,0.2,508,1899.2708740234375,0.044677734375,0.008195056
132096,129,172,156.32,767,590.6,0.480368971824646,2395.2266693115234,-0.0035659698769450188,-0.24677844438701868,0.00025,0.2,512,1116.1082763671875,0.04541015625,0.005500741
133120,130,172,148.41,772,571.39,0.47661155462265015,2930.885467529297,4.6851346269249916e-05,-0.21707487478852272,0.00025,0.2,516,1513.794921875,0.02587890625,0.0020133208
134144,131,172,151.09,778,581.85,0.5873574018478394,2771.1914978027344,4.9197988118976355e-05,-0.2839123532176018,0.00025,0.2,520,1442.0147705078125,0.05029296875,0.0025582886
135168,132,172,141.35,784,556.97,0.49560707807540894,2315.5595626831055,0.005500076076714322,-0.24610136728733778,0.00025,0.2,524,1039.2779541015625,0.051025390625,0.01234485
136192,133,172,136.33,790,552.9,0.47447627782821655,2891.6827545166016,0.00612777762580663,-0.24928505159914494,0.00025,0.2,528,1391.43994140625,0.041015625,0.0009688507
137216,134,172,133.61,796,561.74,0.3027190566062927,3186.6104888916016,0.00289533450268209,-0.42275642417371273,0.00025,0.2,532,1556.49365234375,0.079345703125,0.011126884
138240,135,172,132.37,801,558.72,0.4508897662162781,3809.455764770508,0.001679989043623209,-0.2969128107652068,0.00025,0.2,536,2193.3193359375,0.022705078125,0.0036002218
139264,136,172,142.66,807,595.99,0.2924315929412842,3122.8221588134766,-0.0011684475757647306,-0.27319584134966135,0.00025,0.2,540,1454.552978515625,0.03662109375,0.0027645999
140288,137,172,137.51,813,598.07,0.46300262212753296,3631.404769897461,-0.0005263468192424625,-0.23219185043126345,0.00025,0.2,544,1832.0374755859375,0.023681640625,0.0014684258
141312,138,172,134.48,819,591.65,0.5057265162467957,2753.6131439208984,0.00076933010132052,-0.31268822960555553,0.00025,0.2,548,1210.8955078125,0.02880859375,0.010510459
142336,139,172,133.9,824,589.61,0.5362324714660645,3165.144058227539,0.006632946344325319,-0.27384178899228573,0.00025,0.2,552,1716.83056640625,0.097900390625,0.009732373
143360,140,172,133.4,830,589.42,0.48809558153152466,4031.599838256836,0.010499326635908801,-0.23546127136796713,0.00025,0.2,556,2006.0587158203125,0.066162109375,0.023976624
144384,141,172,124.31,836,564.32,0.6178964376449585,2532.113784790039,0.02538986539002508,-0.2542546968907118,0.00025,0.2,560,1209.334716796875,0.191162109375,0.17569649
145408,142,172,123.71,842,547.56,0.4535108804702759,2917.43563079834,0.0038643769948976114,-0.08761448902077973,0.00025,0.2,564,1009.6605834960938,0.011474609375,0.002768831
146432,143,172,118.18,847,521.88,0.5602090358734131,2017.583885192871,-0.005329821055056527,-0.18476896360516548,0.00025,0.2,568,942.3110961914062,0.023681640625,0.008476314
147456,144,172,119.8,853,528.56,0.6027964353561401,1873.0215606689453,0.0024562861653976142,-0.2360585667192936,0.00025,0.2,572,968.1800537109375,0.026611328125,0.0035466782
148480,145,172,118.17,859,519.08,0.48444223403930664,2272.083297729492,-0.0013141670206096023,-0.3289870321750641,0.00025,0.2,576,938.5825805664062,0.046630859375,0.003610165
149504,146,172,120.95,864,531.15,0.5289456844329834,2667.0439453125,0.0016719985869713128,-0.35932073555886745,0.00025,0.2,580,1158.8016357421875,0.031005859375,0.0028584467
150528,147,172,119.68,870,531.17,0.45564204454421997,3438.867218017578,0.014814876369200647,-0.4029214158654213,0.00025,0.2,584,1843.032958984375,0.18359375,0.022722581
151552,148,173,123.86,875,545.16,0.5388952493667603,2625.158737182617,0.004514926898991689,-0.5055274777114391,0.00025,0.2,588,1199.8480224609375,0.217529296875,0.0066084675
152576,149,173,126.83,881,552.18,0.6326183676719666,2441.20890045166,0.030374017951544374,-0.35282923001796007,0.00025,0.2,592,1360.57275390625,0.393798828125,0.09150002
153600,150,173,130.8,886,556.11,0.7593695521354675,1304.676887512207,0.008581093468819745,-0.636456273496151,0.00025,0.2,596,684.4650268554688,0.195556640625,0.005038091
154624,151,173,136.44,892,549.26,0.5275681614875793,1104.3588333129883,0.0011850246810354292,-0.666486106812954,0.00025,0.2,600,564.2504272460938,0.08056640625,0.0010465925
155648,152,173,137.69,897,535.79,0.617300271987915,2750.3570709228516,-0.0030655783775728196,-0.6005480326712132,0.00025,0.2,604,1285.5941162109375,0.173828125,0.0029015886
156672,153,173,144.38,903,535.65,0.6142095327377319,1783.4202194213867,0.0023339486797340214,-0.6151124611496925,0.00025,0.2,608,898.3933715820312,0.06494140625,0.015287234
157696,154,173,143.9,908,531.28,0.6887527704238892,1297.761978149414,0.016577212081756443,-0.5745643600821495,0.00025,0.2,612,565.166259765625,0.277099609375,0.084326304
158720,155,173,145.16,914,531.11,0.7078971266746521,1475.0899963378906,0.032880625454708934,-0.5987791679799557,0.00025,0.2,616,994.7141723632812,0.427490234375,0.029189654
159744,156,173,144.74,919,526.44,0.7561856508255005,491.6907958984375,0.009121081151533872,-0.5565240308642387,0.00025,0.2,620,201.4567108154297,0.313720703125,0.060925726
160768,157,173,144.74,925,526.44,0.810142457485199,346.0854501724243,0.008939091232605278,-0.5638463217765093,0.00025,0.2,624,70.4708023071289,0.150146484375,0.047881037
161792,158,173,144.74,931,526.44,0.25045204162597656,115.53051948547363,0.014233513153158128,-0.5912124663591385,0.00025,0.2,628,38.94130325317383,0.25830078125,0.013981149
162816,159,173,144.74,936,526.44,0.5257388353347778,79.12889343500137,0.007080789859173819,-0.6571264192461967,0.00025,0.2,632,8.394584655761719,0.188720703125,0.0102357585
163840,160,173,187.22,942,528.71,-0.24517226219177246,48.75128400325775,0.0025595376500859857,-0.7299783490598202,0.00025,0.2,636,12.453622817993164,0.070556640625,0.014960826
164864,161,173,204.91,947,528.23,0.6105955839157104,1677.9041900634766,0.006303136789938435,-0.5574254058301449,0.00025,0.2,640,826.7636108398438,0.088623046875,0.015787734
165888,162,174,213.32,953,550.9,0.7420432567596436,1672.0152740478516,0.001957017870154232,-0.38561086542904377,0.00025,0.2,644,874.4387817382812,0.093994140625,0.005510712
166912,163,174,216.85,958,570.24,0.7488554120063782,1553.2993469238281,0.005737572500947863,-0.44073764607310295,0.00025,0.2,648,718.4515991210938,0.111083984375,0.02412733
167936,164,174,218.61,964,577.34,0.7220147848129272,2162.6151275634766,0.0029249867366161197,-0.42166940309107304,0.00025,0.2,652,999.6815795898438,0.077392578125,0.0068823695
168960,165,174,224.62,970,595.24,0.8027379512786865,1598.6507873535156,-0.0030705776007380337,-0.4091950971633196,0.00025,0.2,656,955.3146362304688,0.0390625,0.004549105
169984,166,174,231.09,975,596.97,0.7380083799362183,1838.6125297546387,0.0015279847430065274,-0.5875908359885216,0.00025,0.2,660,1152.994873046875,0.09130859375,0.012423888
171008,167,174,238.24,981,602.7,0.8697822093963623,1235.226936340332,-0.001670744502916932,-0.4502482805401087,0.00025,0.2,664,475.8617248535156,0.065673828125,0.012983022
172032,168,174,236.49,986,597.08,0.7584284543991089,2486.6449127197266,0.004901947220787406,-0.43222447112202644,0.00025,0.2,668,1077.73486328125,0.09033203125,0.01840174
173056,169,174,237.03,992,582.72,0.8852549195289612,1354.0042533874512,0.004180260104476474,-0.5503061637282372,0.00025,0.2,672,707.0671997070312,0.09326171875,0.011371232
174080,170,174,223.5,997,518.73,0.6657074093818665,2931.9964294433594,0.027741439611418173,-0.1622889214195311,0.00025,0.2,676,1437.864501953125,0.244873046875,0.13040398
175104,171,174,212.84,1003,498.89,0.7559057474136353,2019.0658416748047,-0.0022463526693172753,-0.22148209158331156,0.00025,0.2,680,653.3499755859375,0.106201171875,0.015530367
176128,172,174,215.8,1008,510.28,0.58812415599823,2002.9079666137695,-0.002653047413332388,-0.1894224239513278,0.00025,0.2,684,760.5957641601562,0.012451171875,0.009654753
177152,173,174,202.71,1013,498.08,0.8691760897636414,720.4611473083496,0.000991838940535672,-0.454541876912117,0.00025,0.2,688,284.64447021484375,0.045654296875,0.010633629
178176,174,174,143.56,1019,510.0,0.11722421646118164,3527.055938720703,-0.013302496401593089,-0.2648182278499007,0.00025,0.2,692,1461.7977294921875,0.0654296875,0.031942718
179200,175,174,140.95,1024,510.51,0.5073521137237549,2605.4501571655273,0.00047985409037210047,-0.32665182650089264,0.00025,0.2,696,1004.43701171875,0.080322265625,0.018428937
180224,176,174,138.73,1030,508.17,0.5881005525588989,2340.452911376953,0.00465381087269634,-0.337095282971859,0.00025,0.2,700,1141.6942138671875,0.050537109375,0.0016169061
181248,177,174,136.82,1036,514.62,0.625896692276001,2215.267646789551,-0.0003519014280755073,-0.46900234557688236,0.00025,0.2,704,1042.1671142578125,0.087158203125,0.010814031
182272,178,175,127.04,1041,507.92,0.5699795484542847,2738.2264251708984,0.001530328328954056,-0.3619683552533388,0.00025,0.2,708,1444.2926025390625,0.048583984375,0.0014818916
183296,179,175,122.14,1047,516.1,0.4777323007583618,2745.622932434082,0.00010817975271493196,-0.2903021899983287,0.00025,0.2,712,1534.616455078125,0.053955078125,0.0024635359
184320,180,175,126.55,1052,540.93,0.34601956605911255,3758.2042694091797,0.00271046269335784,-0.34130251221358776,0.00025,0.2,716,2110.567626953125,0.019287109375,0.0028053755
185344,181,175,127.35,1058,562.13,0.47119903564453125,2974.9566802978516,0.0011798411433119327,-0.416949400678277,0.00025,0.2,720,1379.935791015625,0.1064453125,0.024300672
186368,182,175,129.38,1063,573.79,0.5223085880279541,2805.47265625,0.004897579958196729,-0.3616839153692126,0.00025,0.2,724,1542.9342041015625,0.08349609375,0.026361179
187392,183,174,129.94,1072,572.2,0.4016198515892029,4480.599563598633,0.008121027320157737,-0.06443045102059841,0.00025,0.2,728,2436.2255859375,0.0244140625,0.023656659
188416,184,174,129.73,1078,568.52,0.4731009006500244,1858.631820678711,-0.004392121118144132,-0.06494422943796962,0.00025,0.2,732,910.3974609375,0.008544921875,0.0053882855
189440,185,174,136.33,1084,587.73,0.39479541778564453,1986.3754577636719,-0.006820801412686706,-0.17437750939279795,0.00025,0.2,736,797.80810546875,0.02734375,0.018314656
190464,186,174,134.83,1090,591.78,0.5522714853286743,1874.482048034668,-0.00037082124617882073,-0.2168963262811303,0.00025,0.2,740,776.3269653320312,0.0341796875,0.008648663
191488,187,174,138.77,1095,604.99,0.43434756994247437,3413.967041015625,-0.003181692212820053,-0.2616115156561136,0.00025,0.2,744,1539.9569091796875,0.03369140625,0.0037993772
192512,188,174,142.47,1101,623.33,0.5233404636383057,2727.1463928222656,0.0006377392855938524,-0.3619115948677063,0.00025,0.2,748,1287.895751953125,0.033203125,0.0015877946
193536,189,174,148.68,1107,653.9,0.3237326145172119,3209.291549682617,0.0043386934557929635,-0.413486884906888,0.00025,0.2,752,1484.8563232421875,0.06396484375,0.013100594
194560,190,174,144.5,1113,644.07,0.22269821166992188,3263.563949584961,0.04315814736764878,-0.13478625426068902,0.00025,0.2,756,1156.8077392578125,0.303955078125,0.17116082
195584,191,174,141.54,1119,630.36,0.4441431164741516,3522.0116577148438,0.006204912657267414,-0.25652345083653927,0.00025,0.2,760,1503.8890380859375,0.035400390625,0.0025786005
196608,192,174,150.3,1125,645.91,0.6013680696487427,1132.1482772827148,-0.0006789749022573233,-0.21768293716013432,0.00025,0.2,764,488.3296203613281,0.028076171875,0.0017853074
197632,193,174,142.93,1130,613.63,0.5290770530700684,2601.8233032226562,-0.0018074430408887565,-0.24392893724143505,0.00025,0.2,768,1075.1925048828125,0.041259765625,0.0057162503
198656,194,174,143.84,1136,612.59,0.5463322997093201,3222.3353729248047,-0.0008858563378453255,-0.2814706424251199,0.00025,0.2,772,1399.986328125,0.09130859375,0.02806209
199680,195,174,143.92,1142,601.63,0.5932271480560303,2336.8944244384766,-0.0008725477964617312,-0.395282331854105,0.00025,0.2,776,1225.956298828125,0.04345703125,0.0140438005
200704,196,174,152.62,1148,635.89,0.6616705656051636,2229.2831420898438,0.004129451757762581,-0.4029691256582737,0.00025,0.2,780,783.3534545898438,0.100830078125,0.01629669
201728,197,174,154.6,1154,638.84,0.6100636720657349,2632.688720703125,0.00026682727911975235,-0.402057534083724,0.00025,0.2,784,1384.7161865234375,0.0634765625,0.0038532298
202752,198,174,156.6,1160,658.24,0.6064077615737915,2642.441925048828,0.0030210305121727288,-0.5070709902793169,0.00025,0.2,788,1290.9859619140625,0.0810546875,0.007285653
203776,199,174,149.27,1165,665.54,0.5299453735351562,3289.164337158203,0.00040169700514525175,-0.5216372534632683,0.00025,0.2,792,1501.6351318359375,0.110595703125,0.025119659
204800,200,174,141.51,1171,641.16,0.6842173337936401,2542.0980911254883,0.0023728631203994155,-0.4901845455169678,0.00025,0.2,796,1341.0206298828125,0.069580078125,0.012549968
205824,201,174,137.64,1177,616.76,0.6434453725814819,3677.324020385742,0.0021681133075617254,-0.40594293363392353,0.00025,0.2,800,1528.0491943359375,0.02001953125,0.0053888643
206848,202,174,137.96,1183,622.96,0.5445502996444702,4222.964767456055,0.0045005446881987154,-0.31959463469684124,0.00025,0.2,804,2044.4364013671875,0.083984375,0.00692882
207872,203,174,138.03,1188,613.49,0.639358401298523,1976.5914993286133,0.0005394582985900342,-0.33881959691643715,0.00025,0.2,808,890.8877563476562,0.035888671875,0.012109306
208896,204,174,142.74,1194,634.89,0.5858922600746155,3231.8548431396484,0.0007788343937136233,-0.37749752029776573,0.00025,0.2,812,1537.95947265625,0.041748046875,0.011408947
209920,205,174,136.13,1200,634.27,0.44835329055786133,3352.0339965820312,0.0002831022720783949,-0.5993177630007267,0.00025,0.2,816,1346.2498779296875,0.061767578125,0.014747413
210944,206,174,137.19,1206,634.06,0.555892825126648,3520.88671875,0.004248366691172123,-0.5492488015443087,0.00025,0.2,820,1676.7232666015625,0.057861328125,0.011558283
211968,207,174,136.52,1212,635.81,0.6785401701927185,2856.175048828125,0.00252525773976231,-0.5004308149218559,0.00025,0.2,824,1164.1534423828125,0.06494140625,0.012220701
212992,208,174,134.52,1218,636.35,0.6318602561950684,2878.8903579711914,0.002418691321508959,-0.4744168296456337,0.00025,0.2,828,942.2406005859375,0.097412109375,0.02132471
214016,209,174,131.36,1223,627.91,0.5833287239074707,2894.6233139038086,-0.00041451776633039117,-0.49785328656435013,0.00025,0.2,832,1659.064453125,0.040771484375,0.011461854
215040,210,174,131.82,1229,643.33,0.628338098526001,2917.61767578125,0.007615308917593211,-0.474081315100193,0.00025,0.2,836,1533.0848388671875,0.13623046875,0.019181054
216064,211,174,133.01,1235,650.38,0.3042910099029541,4695.135101318359,0.023489588114898652,-0.525126576423645,0.00025,0.2,840,1988.515380859375,0.266357421875,0.049687184
217088,212,174,138.13,1241,666.23,0.5305922031402588,3208.511993408203,0.0016314121894538403,-0.3419461064040661,0.00025,0.2,844,1460.4173583984375,0.06689453125,0.01989061
218112,213,174,131.78,1246,647.96,0.6083098649978638,3394.0189666748047,0.01200825342675671,-0.38375732488930225,0.00025,0.2,848,1888.5230712890625,0.144287109375,0.10402058
219136,214,174,132.51,1252,656.3,0.3223157525062561,7557.934326171875,-0.005064530851086602,-0.24660368356853724,0.00025,0.2,852,3439.969970703125,0.047607421875,0.046226926
220160,215,174,126.96,1258,636.32,0.3777986168861389,5211.564178466797,0.0011031918111257255,-0.37265441194176674,0.00025,0.2,856,2140.484375,0.038330078125,0.0035201414
221184,216,174,128.24,1264,646.69,0.28547948598861694,4883.3896484375,0.0003430621582083404,-0.43048305064439774,0.00025,0.2,860,2337.869384765625,0.019775390625,0.009823753
222208,217,174,127.59,1269,642.63,0.5139415264129639,2407.3614196777344,0.00303606316447258,-0.5440487302839756,0.00025,0.2,864,1225.6817626953125,0.12109375,0.024766624
223232,218,175,126.15,1275,635.89,0.3100796937942505,4732.041290283203,0.005052607535617426,-0.3535366374999285,0.00025,0.2,868,2174.3330078125,0.066162109375,0.009656435
224256,219,175,126.89,1281,633.68,0.44610220193862915,3821.6813049316406,0.0016041987692005932,-0.5263415295630693,0.00025,0.2,872,1624.1676025390625,0.087890625,0.014196584
225280,220,175,127.2,1287,638.5,0.6394017934799194,2587.2316284179688,-0.0008023866103030741,-0.46770202182233334,0.00025,0.2,876,1095.1737060546875,0.076904296875,0.0031787937
226304,221,175,119.93,1292,610.83,0.5126262903213501,3047.412841796875,0.0010945525718852878,-0.5432896390557289,0.00025,0.2,880,1259.305908203125,0.091796875,0.009597703
227328,222,175,121.0,1298,602.84,0.49625158309936523,3672.607467651367,0.004161380406003445,-0.6215097904205322,0.00025,0.2,884,1923.129638671875,0.14208984375,0.01016104
228352,223,175,119.51,1304,589.08,0.46010327339172363,2687.922653198242,0.016603486641542986,-0.529446430504322,0.00025,0.2,888,1254.94482421875,0.194091796875,0.0289156
229376,224,175,118.58,1310,582.48,0.5090771913528442,3812.479461669922,0.03648195345886052,-0.6179872509092093,0.00025,0.2,892,1880.731689453125,0.56982421875,0.113994196
230400,225,175,127.02,1315,607.08,0.5108625292778015,2031.004638671875,0.06841380419791676,-0.7064238581806421,0.00025,0.2,896,1074.645751953125,0.73828125,0.35541192
231424,226,175,128.51,1320,618.94,0.37056511640548706,4887.673034667969,1.4577643014490604e-05,-0.21849451772868633,0.00025,0.2,900,2261.412109375,0.02880859375,0.017228795
232448,227,175,128.58,1326,611.8,0.4613392949104309,3541.8174591064453,0.001907833677250892,-0.4878516402095556,0.00025,0.2,904,1689.6790771484375,0.076904296875,0.008217689
233472,228,175,135.83,1332,638.79,0.5091562271118164,3803.863784790039,0.01698493998264894,-0.5599694885313511,0.00025,0.2,908,2227.799072265625,0.18359375,0.024953425
234496,229,175,139.16,1337,651.72,0.6681603193283081,2410.993865966797,0.01619995234068483,-0.6901825815439224,0.00025,0.2,912,904.0617065429688,0.239501953125,0.033605214
235520,230,175,137.36,1343,638.26,0.48663055896759033,4140.074920654297,-0.0014504616847261786,-0.5287219826132059,0.00025,0.2,916,2207.945068359375,0.06591796875,0.0066168103
236544,231,175,138.21,1348,645.25,0.6513754725456238,3016.630905151367,0.003090792684815824,-0.5031720250844955,0.00025,0.2,920,1468.4583740234375,0.052978515625,0.002282293
237568,232,175,136.02,1354,635.88,0.4020693898200989,6199.846099853516,0.001903408148791641,-0.4406891316175461,0.00025,0.2,924,2727.854736328125,0.05322265625,0.0065168054
238592,233,175,135.48,1359,630.06,0.5566958785057068,4073.943069458008,-0.0005357896297937259,-0.36630239337682724,0.00025,0.2,928,1659.2191162109375,0.0576171875,0.021476625
239616,234,175,139.07,1365,648.39,0.41991305351257324,4311.6177978515625,0.006720803619828075,-0.30007057916373014,0.00025,0.2,932,2132.84521484375,0.089599609375,0.0124169905
240640,235,175,137.39,1373,649.62,0.6837455034255981,2519.702590942383,0.0020546753221424296,-0.5097247250378132,0.00025,0.2,936,1259.672119140625,0.0458984375,0.007213878
241664,236,175,136.21,1379,645.62,0.6228968501091003,3497.2767639160156,0.005258709308691323,-0.43962796218693256,0.00025,0.2,940,2093.431396484375,0.081787109375,0.005072194
242688,237,175,136.01,1385,650.15,0.630488395690918,3404.634048461914,0.00046038030995987356,-0.41586571373045444,0.00025,0.2,944,1747.3526611328125,0.041259765625,0.0072540687
243712,238,175,133.56,1391,643.17,0.5325137376785278,3652.036895751953,0.0030884684529155493,-0.39084450528025627,0.00025,0.2,948,1559.53369140625,0.046142578125,0.0050914446
244736,239,175,137.33,1397,657.41,0.544898509979248,3230.2174530029297,-0.0006911556702107191,-0.4105925131589174,0.00025,0.2,952,1722.1912841796875,0.055908203125,0.006188049
245760,240,175,139.85,1403,663.46,0.469542920589447,4111.16845703125,-0.00028727675089612603,-0.4177313819527626,0.00025,0.2,956,1950.3663330078125,0.07763671875,0.008639587
246784,241,175,138.61,1409,662.91,0.6400008201599121,2509.74951171875,0.0012674038298428059,-0.4735364969819784,0.00025,0.2,960,1332.831787109375,0.05615234375,0.006003818
247808,242,175,138.76,1415,667.98,0.6029067039489746,3223.122512817383,-0.0014767672400921583,-0.5097318589687347,0.00025,0.2,964,1613.0845947265625,0.04443359375,0.003945009
248832,243,175,133.61,1420,653.92,0.36918705701828003,3173.7147064208984,0.0019785181793849915,-0.5182273872196674,0.00025,0.2,968,1143.5487060546875,0.078125,0.0077366745
249856,244,175,134.94,1426,656.59,0.3078795075416565,4682.439025878906,0.009522917593130842,-0.5458747260272503,0.00025,0.2,972,2159.575927734375,0.172119140625,0.02276683
250880,245,175,134.42,1432,647.58,0.40006494522094727,4237.473770141602,0.011492703401017934,-0.3271799935027957,0.00025,0.2,976,2062.30419921875,0.0693359375,0.07351591
251904,246,175,135.06,1438,646.26,0.48187756538391113,3577.3170776367188,-0.0006714538030792028,-0.15334518998861313,0.00025,0.2,980,1663.678466796875,0.01123046875,0.005333575
252928,247,175,132.63,1444,639.38,0.3877837061882019,3282.6326904296875,-0.00032204732997342944,-0.27166339289397,0.00025,0.2,984,1646.939208984375,0.024169921875,0.012181556
253952,248,175,132.23,1450,641.58,0.42575228214263916,4159.2435302734375,-0.002337791374884546,-0.40190293453633785,0.00025,0.2,988,2461.0341796875,0.04638671875,0.017654525
254976,249,175,131.19,1455,641.39,0.3966423273086548,3642.41015625,0.007154315855586901,-0.4480834472924471,0.00025,0.2,992,1740.825927734375,0.0673828125,0.046403132
256000,250,175,134.33,1461,659.3,0.3512763977050781,3864.185073852539,0.005420443427283317,-0.32275002263486385,0.00025,0.2,996,1752.2476806640625,0.05419921875,0.008833151
257024,251,175,133.1,1467,666.82,0.47182804346084595,3027.2659301757812,0.003621831740019843,-0.35535999946296215,0.00025,0.2,1000,1687.3470458984375,0.066162109375,0.025191944
258048,252,175,135.67,1473,680.59,0.34776735305786133,3899.4754180908203,0.0023674216645304114,-0.3199123162776232,0.00025,0.2,1004,1814.885986328125,0.049072265625,0.006406281
259072,253,175,133.26,1478,668.2,0.3950260877609253,3739.3491973876953,0.011969958373811096,-0.43525502271950245,0.00025,0.2,1008,1633.1468505859375,0.1640625,0.040388636
260096,254,175,129.81,1484,651.33,0.34643489122390747,4932.853225708008,0.0013218779349699616,-0.25643116794526577,0.00025,0.2,1012,2263.68798828125,0.02587890625,0.007473835
261120,255,175,125.77,1490,636.9,0.5572229623794556,3349.4683380126953,0.0025701376580400392,-0.29560075886547565,0.00025,0.2,1016,1945.7872314453125,0.03564453125,0.0047690435
262144,256,175,126.34,1496,631.755,0.19247400760650635,4155.775543212891,-0.002543010748922825,-0.37690320052206516,0.00025,0.2,1020,1953.4251708984375,0.034912109375,0.00884236
