elapsed_seconds,timesteps,return,length,max_x,completed
0.356,731884,251.0,29,314,0
0.825,732036,620.0,67,690,0
0.921,732068,632.0,75,704,0
0.969,732084,629.0,79,702,0
1.7,732332,745.0,112,824,0
2.586,732632,1045.0,149,1128,0
5.883,732868,1419.0,200,1514,0
5.907,732876,1357.0,136,1439,0
6.711,733144,609.0,69,679,0
7.367,733360,1719.0,182,1796,0
7.989,733572,2654.0,372,2767,0
8.093,733608,1193.0,183,1278,0
8.675,733804,1434.0,165,1523,0
11.698,733988,1068.0,157,1155,0
11.932,734068,615.0,66,684,0
11.99,734088,780.0,129,859,0
12.048,734108,249.0,30,312,0
12.229,734172,1053.0,141,1128,0
13.261,734524,824.0,114,899,0
13.754,734692,1339.0,146,1416,0
13.766,734696,1347.0,152,1433,0
13.88,734736,1339.0,141,1415,0
17.029,734900,628.0,94,696,0
18.15,735240,641.0,136,722,0
18.248,735272,1046.0,145,1129,0
18.818,735460,1434.0,181,1525,0
19.165,735576,635.0,76,706,0
19.178,735580,251.0,30,314,0
19.635,735728,1861.0,207,1949,0
22.771,735948,611.0,93,685,0
23.111,736064,1432.0,206,1528,0
23.452,736176,747.0,112,825,0
23.581,736220,1444.0,160,1523,0
23.811,736300,651.0,88,723,0
24.449,736516,653.0,74,722,0
24.804,736628,248.0,28,311,0
25.655,736860,1585.0,171,1675,0
28.568,737012,1441.0,178,1526,0
29.412,737300,1327.0,168,1415,0
30.329,737592,1038.0,183,1128,0
30.365,737604,3061.0,385,3161,1
30.874,737772,1584.0,190,1677,0
33.859,737916,823.0,154,899,0
34.822,738236,813.0,161,899,0
35.293,738384,1045.0,153,1130,0
35.433,738428,1337.0,206,1435,0
36.279,738704,1433.0,197,1525,0
39.66,739016,1339.0,195,1434,0
39.926,739100,585.0,168,675,0
40.115,739160,816.0,194,900,0
40.164,739176,1052.0,118,1129,0
40.749,739376,626.0,69,694,0
41.733,739708,612.0,83,685,0
41.757,739716,1327.0,175,1416,0
41.864,739752,1352.0,148,1438,0
42.014,739804,1056.0,157,1136,0
42.36,739924,250.0,30,314,0
45.246,740064,620.0,89,695,0
45.688,740200,1049.0,121,1127,0
45.854,740252,644.0,82,710,0
45.986,740296,1354.0,136,1435,0
46.745,740548,611.0,74,681,0
47.054,740652,1333.0,147,1416,0
47.338,740748,1045.0,137,1126,0
50.615,741012,738.0,179,822,0
51.622,741344,613.0,83,686,0
51.752,741388,1436.0,210,1527,0
51.763,741392,1440.0,185,1526,0
52.075,741500,248.0,28,311,0
52.388,741608,1685.0,215,1783,0
52.638,741692,610.0,87,684,0
52.777,741740,652.0,87,723,0
53.005,741820,629.0,80,702,0
53.545,742004,653.0,78,722,0
56.446,742112,600.0,73,671,0
57.509,742476,1428.0,217,1524,0
57.52,742480,1582.0,185,1674,0
58.157,742692,1360.0,145,1442,0
58.275,742732,608.0,64,678,0
58.358,742760,1036.0,189,1129,0
58.439,742788,632.0,77,704,0
58.639,742856,250.0,31,314,0
61.855,743108,626.0,87,694,0
62.206,743228,616.0,93,684,0
63.02,743504,1880.0,203,1961,0
63.157,743552,1324.0,191,1417,0
63.483,743664,249.0,28,311,0
63.822,743780,640.0,138,722,0
63.869,743796,1343.0,172,1434,0
64.278,743916,243.0,34,299,0
67.504,744152,813.0,162,898,0
67.938,744300,627.0,96,702,0
68.064,744344,1423.0,170,1511,0
69.788,744924,1322.0,193,1415,0
70.154,745044,244.0,30,308,0
70.227,745068,2357.0,318,2473,0
72.903,745144,1348.0,200,1435,0
73.034,745188,242.0,30,305,0
73.916,745480,638.0,84,704,0
73.986,745504,653.0,79,722,0
75.326,745920,1423.0,219,1522,0
75.525,745980,3051.0,420,3161,1
75.708,746036,248.0,29,311,0
78.609,746164,250.0,32,314,0
78.633,746172,1348.0,173,1438,0
78.737,746208,1575.0,176,1667,0
79.34,746416,609.0,63,679,0
79.744,746548,624.0,94,699,0
80.367,746744,634.0,82,701,0
80.763,746860,1572.0,220,1673,0
80.909,746908,1345.0,175,1434,0
81.234,747020,617.0,69,680,0
84.53,747304,1435.0,189,1529,0
85.617,747616,614.0,78,686,0
85.865,747692,1033.0,196,1127,0
85.889,747700,1319.0,210,1415,0
85.984,747732,255.0,29,311,0
86.416,747876,1574.0,214,1672,0
86.822,748012,247.0,34,311,0
86.919,748044,655.0,78,724,0
86.966,748060,634.0,92,708,0
90.312,748352,1042.0,163,1131,0
90.349,748364,630.0,80,701,0
91.218,748652,1330.0,160,1416,0
91.851,748864,1582.0,201,1679,0
92.148,748964,1349.0,153,1435,0
92.783,749176,1694.0,203,1788,0
95.386,749208,1042.0,139,1125,0
95.593,749272,635.0,77,707,0
96.189,749464,737.0,150,824,0
96.546,749584,249.0,30,312,0
97.614,749924,1353.0,163,1442,0
97.711,749956,596.0,93,671,0
97.977,750044,1424.0,209,1520,0
98.0,750052,249.0,32,312,0
98.127,750096,1695.0,230,1789,0
100.993,750216,246.0,30,310,0
101.495,750388,625.0,84,699,0
101.779,750484,608.0,67,679,0
102.145,750608,722.0,163,810,0
102.26,750648,1048.0,151,1127,0
102.835,750844,1075.0,114,1154,0
103.679,751132,732.0,131,814,0
103.714,751144,1040.0,165,1126,0
107.156,751460,1439.0,154,1526,0
107.86,751692,1690.0,261,1796,0
107.907,751708,819.0,141,900,0
108.094,751772,1039.0,160,1126,0
109.438,752208,1861.0,187,1954,0
112.251,752312,1346.0,151,1434,0
112.464,752384,1590.0,173,1681,0
112.616,752436,1352.0,166,1442,0
113.637,752772,1333.0,141,1416,0
114.544,753072,1432.0,172,1522,0
114.618,753096,637.0,81,710,0
114.853,753176,1573.0,216,1670,0
117.782,753288,1867.0,213,1962,0
118.579,753552,1051.0,114,1128,0
118.946,753672,730.0,96,807,0
119.136,753736,780.0,166,869,0
119.297,753792,764.0,154,848,0
120.822,754292,1043.0,155,1129,0
123.647,754412,252.0,30,314,0
123.826,754472,1319.0,230,1417,0
124.262,754620,1339.0,207,1431,0
124.487,754696,1690.0,240,1793,0
125.439,754996,637.0,94,713,0
125.943,755152,1434.0,170,1517,0
126.075,755196,1036.0,196,1129,0
128.995,755360,629.0,91,704,0
129.318,755472,249.0,28,312,0
129.905,755636,1568.0,235,1671,0
130.435,755808,1433.0,164,1521,0
130.602,755864,1040.0,167,1128,0
130.817,755936,250.0,32,312,0
131.28,756092,1049.0,114,1125,0
131.602,756200,816.0,182,898,0
131.911,756304,595.0,110,673,0
134.65,756408,629.0,79,700,0
136.119,756872,1922.0,234,2021,0
136.454,756988,248.0,29,311,0
136.669,757060,1148.0,189,1235,0
136.669,757060,1335.0,215,1434,0
136.982,757168,1574.0,190,1667,0
140.2,757404,633.0,86,707,0
140.548,757520,1355.0,133,1437,0
140.885,757636,1438.0,144,1523,0
141.243,757760,1046.0,148,1130,0
141.988,758016,814.0,153,898,0
142.324,758132,1064.0,153,1151,0
142.674,758252,775.0,154,862,0
142.845,758312,1047.0,138,1128,0
146.89,758796,642.0,136,724,0
146.983,758828,1345.0,174,1435,0
147.843,759124,1408.0,277,1515,0
148.027,759188,608.0,98,677,0
148.062,759200,1573.0,222,1675,0
151.268,759456,639.0,83,712,0
151.503,759524,1328.0,174,1414,0
152.336,759748,825.0,140,899,0
152.546,759816,1447.0,154,1526,0
152.616,759840,595.0,96,670,0
153.375,760096,606.0,64,676,0
153.41,760108,652.0,90,724,0
153.734,760220,251.0,31,314,0
154.22,760388,610.0,70,680,0
154.377,760440,1706.0,229,1789,0
156.943,760456,1426.0,160,1513,0
157.274,760572,632.0,88,706,0
158.118,760864,1053.0,119,1131,0
158.315,760932,602.0,90,676,0
158.452,760980,1060.0,135,1137,0
159.026,761180,654.0,79,723,0
159.128,761216,1336.0,190,1429,0
162.928,761660,1342.0,182,1435,0
162.999,761684,810.0,176,899,0
163.72,761928,1324.0,187,1416,0
164.037,762036,1432.0,205,1524,0
164.279,762120,1060.0,109,1137,0
164.791,762296,1432.0,159,1521,0
168.32,762636,635.0,85,707,0
168.52,762704,1697.0,194,1793,0
168.742,762780,1458.0,165,1531,0
170.751,763436,1334.0,200,1430,0
170.777,763444,1042.0,166,1128,0
173.505,763536,2650.0,375,2760,0
173.655,763588,1412.0,221,1513,0
175.266,764104,1587.0,167,1676,0
175.71,764228,1330.0,160,1415,0
176.083,764348,1702.0,226,1795,0
176.463,764476,248.0,32,312,0
176.512,764492,1558.0,239,1660,0
179.304,764604,245.0,32,308,0
179.822,764772,1326.0,136,1408,0
180.151,764876,1039.0,193,1129,0
180.313,764928,638.0,81,711,0
180.522,764996,1049.0,126,1128,0
181.138,765200,623.0,81,696,0
181.796,765420,1045.0,162,1130,0
182.06,765508,634.0,77,706,0
185.107,765692,1325.0,191,1417,0
185.482,765808,248.0,29,311,0
185.896,765936,249.0,32,313,0
186.313,766076,1927.0,270,2028,0
186.586,766168,1341.0,187,1435,0
186.958,766292,1323.0,196,1417,0
190.423,766628,1573.0,173,1656,0
191.404,766944,1150.0,163,1237,0
191.61,767012,1422.0,234,1524,0
191.646,767024,591.0,99,666,0
192.355,767264,608.0,63,677,0
193.351,767608,1350.0,166,1433,0
195.897,767612,3068.0,361,3161,1
195.897,767612,1332.0,147,1416,0
197.105,768028,1037.0,191,1130,0
197.565,768164,244.0,34,300,0
198.427,768448,1431.0,210,1528,0
198.451,768456,1863.0,211,1943,0
198.691,768536,1418.0,231,1521,0
198.823,768580,252.0,31,309,0
201.585,768664,252.0,32,316,0
202.51,768976,745.0,99,820,0
202.534,768984,636.0,80,709,0
202.639,769020,1336.0,214,1433,0
202.792,769072,759.0,156,847,0
203.478,769304,632.0,80,704,0
203.689,769376,615.0,89,689,0
204.221,769556,639.0,145,723,0
207.429,769772,1040.0,175,1129,0
207.73,769876,1057.0,125,1129,0
208.399,770108,602.0,84,676,0
208.849,770260,1418.0,239,1518,0
209.02,770320,1070.0,111,1149,0
209.196,770380,1861.0,206,1956,0
209.703,770540,657.0,70,725,0
212.972,770784,1326.0,169,1413,0
213.868,771092,1337.0,178,1421,0
214.101,771172,1322.0,213,1417,0
214.661,771364,605.0,68,676,0
215.168,771532,1717.0,187,1801,0
215.195,771540,1046.0,250,1151,0
218.548,771816,616.0,69,686,0
219.073,771992,1323.0,205,1417,0
219.539,772148,634.0,83,707,0
219.717,772204,1329.0,168,1418,0
220.416,772428,1930.0,266,2022,0
223.893,772756,1354.0,138,1437,0
224.0,772792,1348.0,161,1435,0
224.21,772864,1708.0,218,1798,0
225.093,773164,1342.0,184,1435,0
225.664,773340,1048.0,119,1126,0
225.855,773400,1435.0,161,1524,0
226.664,773672,1335.0,220,1433,0
226.855,773728,588.0,97,663,0
229.486,773788,247.0,29,310,0
229.669,773848,249.0,30,312,0
230.244,774036,1448.0,159,1529,0
230.503,774124,1576.0,240,1677,0
230.795,774220,611.0,93,678,0
230.869,774244,250.0,30,314,0
231.619,774496,1433.0,177,1523,0
231.854,774568,627.0,81,700,0
232.009,774612,249.0,29,311,0
232.06,774628,816.0,148,898,0
236.145,775112,1049.0,125,1130,0
236.267,775152,1150.0,146,1234,0
237.063,775412,635.0,75,707,0
237.537,775568,1330.0,235,1432,0
237.997,775724,1336.0,143,1417,0
241.012,775912,635.0,86,703,0
241.906,776216,636.0,76,708,0
242.294,776344,1927.0,233,2027,0
242.694,776480,1322.0,189,1413,0
242.844,776532,3027.0,578,3161,1
243.635,776788,656.0,77,725,0
243.694,776808,621.0,69,692,0
246.331,776860,1048.0,129,1128,0
246.41,776888,1329.0,168,1417,0
247.116,777132,618.0,81,691,0
247.559,777284,611.0,99,680,0
248.109,777472,1345.0,153,1431,0
248.697,777672,1048.0,135,1128,0
251.951,777944,2654.0,289,2759,0
252.22,778036,1314.0,188,1408,0
252.582,778156,1328.0,171,1416,0
253.083,778328,1445.0,164,1527,0
253.106,778336,621.0,75,692,0
253.24,778384,1073.0,110,1150,0
253.422,778448,621.0,73,692,0
253.515,778480,244.0,38,302,0
254.125,778692,631.0,89,704,0
257.325,778908,732.0,131,809,0
257.814,779060,734.0,92,809,0
257.921,779096,757.0,162,838,0
258.158,779176,1038.0,174,1127,0
258.747,779380,655.0,80,724,0
259.431,779608,1047.0,175,1136,0
259.983,779776,1592.0,170,1673,0
260.098,779812,1342.0,159,1431,0
263.644,780180,1862.0,200,1957,0
264.904,780600,1431.0,206,1520,0
264.953,780616,1043.0,201,1136,0
265.326,780720,1048.0,135,1129,0
265.373,780732,250.0,33,314,0
265.771,780844,2358.0,309,2471,0
265.924,780892,608.0,69,678,0
268.639,780988,236.0,36,300,0
268.834,781056,633.0,81,706,0
269.486,781276,624.0,72,695,0
269.572,781304,817.0,146,900,0
269.949,781428,247.0,31,310,0
270.387,781572,635.0,74,706,0
270.906,781744,1041.0,172,1130,0
271.003,781776,1419.0,221,1515,0
274.174,782028,624.0,71,694,0
274.371,782096,1071.0,131,1153,0
274.416,782112,1325.0,171,1414,0
274.621,782184,614.0,102,684,0
275.461,782444,639.0,83,704,0
275.646,782500,622.0,79,686,0
275.86,782568,245.0,31,309,0
276.003,782616,1069.0,130,1149,0
276.22,782692,248.0,31,312,0
276.452,782772,754.0,186,848,0
276.885,782916,654.0,75,723,0
279.94,783116,615.0,86,689,0
279.988,783132,815.0,158,899,0
280.175,783192,1068.0,125,1149,0
280.31,783236,628.0,80,700,0
280.661,783352,247.0,29,310,0
280.732,783376,617.0,65,686,0
281.082,783496,610.0,91,684,0
281.601,783672,725.0,120,803,0
285.156,784048,1046.0,138,1127,0
285.221,784068,612.0,99,687,0
285.738,784228,1573.0,219,1672,0
286.078,784340,625.0,68,696,0
286.252,784400,630.0,88,703,0
286.47,784476,793.0,275,900,0
286.705,784556,619.0,82,692,0
287.047,784676,613.0,69,683,0
287.127,784704,619.0,91,694,0
287.335,784776,737.0,75,809,0
287.713,784908,246.0,33,309,0
287.849,784956,608.0,100,678,0
291.18,785240,1049.0,134,1130,0
291.205,785248,610.0,73,681,0
291.529,785360,1330.0,171,1418,0
291.989,785508,1334.0,150,1418,0
292.046,785528,629.0,72,699,0
292.969,785816,1063.0,142,1137,0
293.151,785876,1048.0,129,1126,0
293.225,785900,636.0,98,712,0
296.875,786220,611.0,80,684,0
297.14,786308,1695.0,195,1787,0
298.374,786716,1424.0,225,1525,0
298.528,786768,1055.0,137,1137,0
298.814,786864,1430.0,247,1526,0
299.263,787012,619.0,74,689,0
299.387,787052,628.0,71,698,0
299.4,787056,1323.0,187,1415,0
302.928,787396,626.0,96,701,0
302.952,787404,629.0,87,703,0
303.345,787536,1326.0,168,1408,0
303.702,787656,250.0,30,314,0
307.996,788192,1036.0,197,1130,0
307.996,788192,753.0,134,834,0
308.499,788332,231.0,35,295,0
308.627,788376,1878.0,245,1967,0
309.126,788548,626.0,89,693,0
309.209,788576,2622.0,381,2755,0
309.508,788676,736.0,86,810,0
310.022,788832,625.0,71,695,0
310.458,788972,1049.0,149,1129,0
310.607,789020,829.0,111,898,0
313.783,789268,611.0,74,681,0
313.991,789340,1349.0,166,1435,0
314.162,789396,242.0,32,306,0
315.039,789664,652.0,81,722,0
315.507,789808,1339.0,197,1434,0
315.916,789940,2379.0,277,2471,0
315.987,789964,1070.0,142,1155,0
316.321,790076,251.0,28,312,0
316.321,790076,622.0,67,683,0
319.236,790196,250.0,30,312,0
319.892,790408,627.0,83,699,0
320.03,790452,620.0,64,688,0
320.717,790672,1328.0,252,1433,0
320.79,790696,606.0,72,676,0
320.849,790716,1323.0,194,1408,0
320.93,790744,654.0,73,723,0
325.597,791420,1048.0,181,1137,0
325.698,791440,1570.0,192,1654,0
325.737,791452,1434.0,177,1517,0
326.362,791652,1717.0,234,1800,0
327.248,791952,769.0,128,849,0
327.91,792176,1339.0,181,1431,0
330.534,792232,1045.0,145,1127,0
330.668,792276,1696.0,214,1794,0
331.469,792544,631.0,78,703,0
331.59,792584,590.0,102,666,0
331.649,792604,744.0,82,811,0
331.928,792696,1576.0,186,1661,0
332.701,792956,604.0,103,680,0
332.976,793048,1052.0,116,1129,0
333.034,793068,1051.0,116,1129,0
336.212,793300,603.0,86,677,0
336.457,793384,627.0,79,699,0
336.876,793528,1940.0,208,2026,0
337.212,793644,617.0,65,687,0
337.639,793792,1049.0,123,1127,0
337.87,793872,1332.0,206,1419,0
337.915,793888,628.0,90,700,0
338.337,794036,617.0,98,686,0
338.647,794144,626.0,68,694,0
338.738,794176,604.0,96,679,0
342.126,794484,740.0,85,808,0
342.653,794664,1432.0,194,1526,0
342.756,794700,1341.0,166,1430,0
342.916,794756,623.0,68,692,0
343.042,794800,251.0,34,315,0
343.572,794984,622.0,71,693,0
343.814,795068,624.0,78,696,0
344.079,795160,626.0,90,699,0
346.947,795280,1859.0,276,1964,0
347.354,795420,626.0,88,699,0
348.085,795672,1321.0,172,1408,0
348.466,795796,766.0,129,847,0
349.471,796140,1325.0,180,1415,0
352.425,796284,1330.0,153,1413,0
352.679,796372,2358.0,303,2471,0
352.739,796392,818.0,149,900,0
353.587,796680,614.0,77,685,0
353.633,796696,819.0,139,900,0
353.898,796788,623.0,99,699,0
354.175,796884,752.0,150,837,0
354.464,796984,619.0,76,684,0
354.551,797012,253.0,32,310,0
358.551,797460,1432.0,191,1526,0
359.49,797776,654.0,79,723,0
359.727,797848,1688.0,265,1794,0
359.778,797864,1685.0,220,1782,0
359.802,797872,1027.0,215,1125,0
360.759,798152,605.0,94,679,0
360.878,798192,735.0,82,808,0
360.891,798196,623.0,87,697,0
364.008,798420,817.0,137,898,0
364.09,798448,616.0,74,688,0
364.173,798476,609.0,70,679,0
365.156,798792,627.0,86,701,0
365.222,798812,1331.0,155,1414,0
365.299,798836,622.0,90,697,0
366.233,799136,637.0,81,710,0
366.467,799216,1337.0,199,1434,0
369.45,799392,638.0,150,723,0
369.769,799492,606.0,89,680,0
369.795,799500,1593.0,166,1675,0
369.922,799540,651.0,81,722,0
370.61,799764,605.0,68,675,0
371.551,800076,785.0,144,869,0
371.93,800200,1700.0,165,1789,0
372.268,800316,248.0,29,311,0
372.387,800356,1878.0,241,1966,0
375.364,800484,1434.0,180,1525,0
376.735,800928,818.0,143,899,0
376.819,800956,1425.0,220,1522,0
377.151,801068,816.0,146,899,0
377.543,801168,1688.0,213,1786,0
377.621,801192,249.0,31,313,0
377.632,801196,611.0,67,680,0
380.969,801488,1055.0,133,1129,0
380.981,801492,616.0,74,688,0
381.05,801516,625.0,87,698,0
382.693,802076,1333.0,221,1434,0
382.775,802104,1042.0,154,1127,0
383.072,802204,1449.0,178,1533,0
383.324,802292,1582.0,194,1677,0
386.937,802648,1048.0,143,1129,0
386.971,802660,600.0,92,675,0
386.995,802668,1437.0,141,1521,0
387.327,802784,815.0,145,898,0
388.548,803204,1335.0,139,1415,0
388.735,803268,1046.0,152,1130,0
388.9,803324,1041.0,164,1127,0
389.269,803448,1321.0,166,1408,0
392.673,803700,1050.0,124,1129,0
392.875,803768,1053.0,111,1129,0
393.41,803952,738.0,126,818,0
393.662,804040,614.0,85,686,0
393.674,804044,626.0,69,695,0
393.974,804148,1425.0,220,1526,0
394.305,804264,655.0,78,724,0
394.664,804388,653.0,87,724,0
394.699,804400,651.0,89,722,0
397.854,804640,630.0,94,704,0
398.876,804992,1336.0,211,1434,0
399.244,805116,1701.0,179,1793,0
399.418,805176,1691.0,197,1785,0
400.121,805404,1339.0,191,1432,0
400.169,805420,611.0,61,679,0
400.217,805436,621.0,80,694,0
403.723,805796,1429.0,201,1522,0
404.618,806104,1695.0,175,1786,0
404.862,806188,602.0,98,679,0
405.009,806236,1332.0,204,1428,0
405.071,806256,1319.0,205,1414,0
408.464,806556,603.0,92,677,0
408.58,806596,640.0,85,706,0
409.264,806828,611.0,68,681,0
409.481,806900,1590.0,166,1670,0
410.282,807148,654.0,80,723,0
410.527,807228,1438.0,158,1523,0
410.564,807240,658.0,85,722,0
411.063,807408,2361.0,326,2472,0
414.46,807724,770.0,144,855,0
414.703,807804,1044.0,141,1127,0
415.324,807992,1327.0,191,1418,0
415.451,808024,624.0,75,695,0
415.67,808080,1583.0,168,1671,0
415.805,808120,653.0,79,722,0
416.336,808292,606.0,67,677,0
416.629,808392,608.0,78,681,0
420.54,808864,1720.0,218,1803,0
420.733,808928,1584.0,202,1673,0
421.009,809024,1043.0,158,1129,0
421.715,809260,1574.0,242,1670,0
422.186,809416,1047.0,122,1126,0
422.633,809560,636.0,75,708,0
425.403,809656,609.0,60,679,0
425.428,809664,1934.0,200,2029,0
425.495,809684,251.0,31,315,0
425.66,809736,1347.0,178,1438,0
425.86,809800,247.0,29,310,0
426.207,809916,245.0,29,308,0
427.077,810204,1054.0,135,1136,0
427.389,810308,1585.0,163,1674,0
427.562,810368,1150.0,158,1237,0
427.942,810500,655.0,74,724,0
430.812,810636,641.0,82,708,0
431.583,810896,1068.0,132,1150,0
431.743,810952,1050.0,113,1127,0
432.097,811076,246.0,31,310,0
432.477,811208,636.0,78,707,0
432.534,811228,2362.0,328,2472,0
433.487,811556,613.0,87,685,0
433.499,811560,1337.0,231,1432,0
436.413,811708,1046.0,158,1125,0
436.791,811840,602.0,71,673,0
437.019,811920,1065.0,173,1153,0
437.688,812120,1045.0,140,1127,0
438.117,812264,1333.0,139,1415,0
441.893,812688,1334.0,142,1416,0
441.904,812692,1341.0,193,1435,0
442.433,812872,1920.0,258,2025,0
442.966,813056,609.0,91,685,0
443.219,813144,1427.0,220,1525,0
443.92,813384,1721.0,174,1795,0
444.231,813492,602.0,87,675,0
444.408,813552,1339.0,170,1430,0
444.703,813648,1347.0,148,1433,0
444.752,813664,251.0,28,314,0
447.746,813800,635.0,77,706,0
448.271,813980,631.0,83,705,0
448.951,814212,1698.0,207,1793,0
449.348,814348,643.0,137,724,0
449.979,814548,1933.0,221,2024,0
450.206,814620,1332.0,160,1418,0
450.255,814636,607.0,72,679,0
453.033,814740,246.0,30,309,0
453.419,814872,1448.0,165,1537,0
453.999,815072,612.0,83,685,0
454.722,815316,610.0,61,680,0
454.913,815376,1858.0,207,1955,0
455.761,815628,1342.0,189,1435,0
456.045,815720,613.0,86,687,0
459.833,816164,1861.0,212,1955,0
460.351,816328,815.0,152,899,0
460.472,816368,1323.0,185,1413,0
464.282,816832,3026.0,549,3161,1
464.721,816976,814.0,162,899,0
465.093,817092,1693.0,232,1791,0
465.365,817176,625.0,86,700,0
465.508,817220,242.0,32,306,0
465.954,817360,1859.0,248,1954,0
466.285,817472,247.0,28,310,0
466.538,817556,1335.0,145,1419,0
466.724,817620,1050.0,111,1127,0
470.162,817944,1342.0,181,1434,0
470.521,818060,251.0,29,314,0
470.95,818200,1340.0,182,1433,0
471.356,818328,1589.0,177,1672,0
471.475,818368,1436.0,203,1526,0
471.511,818380,635.0,80,708,0
471.783,818472,612.0,68,683,0
472.112,818584,616.0,64,684,0
475.338,818832,742.0,116,820,0
476.284,819104,1339.0,158,1427,0
476.612,819212,1340.0,208,1435,0
476.794,819276,1038.0,173,1128,0
477.157,819400,639.0,74,709,0
477.351,819468,1321.0,159,1408,0
478.118,819732,640.0,83,713,0
478.386,819824,1331.0,137,1413,0
481.538,820052,1031.0,210,1126,0
482.995,820556,1322.0,272,1433,0
483.352,820680,1310.0,214,1408,0
483.374,820688,1347.0,159,1435,0
483.696,820800,1326.0,267,1433,0
486.69,820976,653.0,72,722,0
488.075,821432,739.0,114,818,0
488.376,821532,1422.0,244,1517,0
488.376,821532,802.0,213,898,0
488.816,821684,612.0,63,682,0
488.931,821724,1324.0,231,1427,0
492.172,821972,654.0,72,722,0
492.845,822200,1346.0,167,1435,0
493.068,822276,1429.0,186,1514,0
493.126,822296,654.0,81,724,0
493.273,822348,1043.0,156,1129,0
493.454,822412,237.0,34,300,0
494.335,822716,606.0,92,681,0
494.918,822904,1052.0,123,1130,0
494.918,822904,813.0,152,898,0
498.179,823136,1333.0,234,1434,0
498.356,823196,662.0,73,724,0
499.064,823440,827.0,134,900,0
499.19,823484,614.0,87,689,0
499.546,823600,247.0,29,310,0
500.008,823744,1690.0,257,1795,0
503.425,824068,1695.0,218,1791,0
504.518,824432,1339.0,172,1430,0
504.532,824436,1689.0,209,1783,0
505.509,824728,1908.0,322,2025,0
505.525,824732,1046.0,166,1128,0
505.621,824756,628.0,80,700,0
505.653,824764,653.0,83,724,0
506.024,824876,249.0,28,312,0
508.878,825016,656.0,71,725,0
508.948,825040,634.0,78,706,0
509.401,825196,742.0,110,820,0
509.669,825284,611.0,61,680,0
510.326,825496,652.0,75,722,0
510.627,825596,1151.0,180,1235,0
511.405,825856,1332.0,143,1415,0
511.466,825876,1849.0,215,1948,0
511.696,825956,1051.0,115,1127,0
514.724,826156,816.0,140,898,0
514.981,826236,632.0,70,702,0
515.469,826388,818.0,133,898,0
515.838,826504,250.0,29,313,0
515.887,826520,596.0,91,671,0
516.299,826656,1701.0,195,1788,0
519.995,827064,1332.0,136,1413,0
520.081,827088,1429.0,213,1528,0
520.159,827112,1045.0,152,1130,0
520.917,827360,616.0,74,687,0
521.071,827412,714.0,189,806,0
521.309,827492,596.0,101,673,0
521.644,827604,251.0,28,313,0
521.835,827668,635.0,77,706,0
522.15,827776,1350.0,166,1433,0
522.711,827972,607.0,92,682,0
525.382,828040,613.0,66,683,0
526.241,828320,1571.0,227,1671,0
526.474,828400,622.0,90,698,0
526.497,828408,1329.0,185,1417,0
527.198,828648,1040.0,169,1128,0
527.907,828892,731.0,121,811,0
528.295,829024,1347.0,156,1434,0
531.111,829144,1032.0,206,1129,0
532.218,829524,1436.0,158,1522,0
532.241,829532,748.0,127,822,0
532.591,829652,757.0,127,838,0
532.639,829668,1847.0,255,1944,0
533.088,829824,639.0,75,711,0
533.642,830016,628.0,87,703,0
536.41,830076,819.0,136,898,0
536.804,830212,603.0,97,679,0
536.882,830240,1045.0,147,1129,0
537.444,830432,599.0,89,673,0
538.17,830648,1075.0,109,1152,0
538.434,830736,633.0,76,703,0
538.99,830924,1315.0,227,1409,0
539.315,831032,636.0,74,700,0
542.317,831208,1342.0,140,1418,0
542.633,831316,594.0,98,670,0
543.842,831732,2659.0,373,2764,0
543.935,831764,1341.0,183,1433,0
544.117,831824,1044.0,154,1129,0
544.706,832020,632.0,72,703,0
545.009,832116,637.0,73,708,0
547.512,832124,1585.0,202,1679,0
547.895,832256,242.0,35,306,0
548.114,832332,626.0,78,698,0
548.426,832440,1343.0,169,1433,0
549.46,832796,1041.0,168,1128,0
550.203,833032,1581.0,175,1669,0
550.314,833068,1034.0,203,1128,0
554.042,833496,1694.0,264,1801,0
554.078,833508,1326.0,178,1417,0
554.842,833764,609.0,64,679,0
554.945,833796,1431.0,182,1524,0
554.995,833812,633.0,79,698,0
555.071,833836,1566.0,201,1662,0
555.395,833936,249.0,31,305,0
555.512,833972,244.0,34,307,0
559.55,834484,1433.0,172,1525,0
560.384,834748,1850.0,246,1955,0
561.292,835052,1350.0,142,1432,0
561.541,835136,1038.0,300,1154,0
564.811,835412,1422.0,166,1510,0
564.862,835428,2639.0,364,2768,0
565.745,835680,1061.0,157,1138,0
566.183,835816,1328.0,170,1417,0
567.132,836124,1430.0,174,1513,0
567.342,836196,608.0,95,683,0
570.046,836256,1424.0,211,1523,0
570.962,836556,639.0,75,711,0
571.327,836676,250.0,30,314,0
572.035,836908,1337.0,196,1429,0
572.212,836968,1154.0,193,1249,0
572.388,837028,627.0,88,702,0
572.737,837148,611.0,60,680,0
575.78,837336,633.0,77,705,0
576.353,837524,2634.0,461,2771,0
576.414,837544,755.0,144,841,0
576.761,837660,248.0,29,311,0
577.791,838004,1708.0,214,1799,0
577.873,838032,1342.0,174,1434,0
578.044,838092,766.0,142,849,0
581.054,838276,610.0,61,680,0
581.067,838280,1347.0,155,1434,0
581.09,838288,655.0,71,724,0
581.239,838340,610.0,62,680,0
581.48,838424,233.0,36,298,0
581.988,838600,613.0,65,684,0
582.449,838760,619.0,84,686,0
582.854,838900,641.0,75,712,0
583.245,839036,1325.0,190,1417,0
583.5,839124,628.0,91,704,0
583.686,839188,1317.0,225,1415,0
586.676,839344,604.0,77,677,0
587.313,839564,597.0,94,671,0
587.876,839756,1699.0,214,1795,0
588.247,839884,631.0,80,705,0
588.48,839964,1706.0,210,1801,0
588.733,840052,621.0,74,693,0
592.252,840408,652.0,89,724,0
592.483,840488,1349.0,151,1434,0
592.711,840568,817.0,151,900,0
592.859,840620,2353.0,319,2470,0
593.307,840776,612.0,72,684,0
593.33,840784,628.0,94,703,0
593.675,840904,614.0,71,685,0
594.026,841024,250.0,30,314,0
594.376,841144,615.0,92,684,0
597.608,841372,1573.0,201,1670,0
598.156,841560,1049.0,134,1129,0
598.634,841724,1351.0,145,1435,0
598.917,841820,1419.0,259,1527,0
599.574,842044,1347.0,168,1435,0
600.362,842300,1426.0,185,1519,0
600.411,842316,620.0,68,691,0
603.412,842472,1355.0,163,1443,0
603.539,842516,1578.0,198,1671,0
604.788,842944,1437.0,157,1524,0
605.012,843016,1049.0,125,1128,0
605.307,843108,814.0,159,898,0
605.902,843296,619.0,88,693,0
606.069,843352,652.0,84,723,0
609.812,843776,1061.0,167,1150,0
609.897,843804,3060.0,376,3161,1
609.958,843824,1047.0,132,1129,0
609.97,843828,740.0,119,820,0
610.834,844112,654.0,72,723,0
610.87,844124,627.0,74,698,0
611.0,844168,630.0,98,699,0
611.012,844172,629.0,92,705,0
614.245,844432,638.0,80,711,0
614.441,844500,629.0,82,696,0
615.046,844696,1440.0,143,1522,0
615.175,844736,608.0,76,681,0
615.959,844980,611.0,71,674,0
616.128,845036,1698.0,217,1789,0
616.355,845112,622.0,94,690,0
616.691,845224,607.0,61,676,0
616.787,845256,1341.0,189,1434,0
617.165,845384,638.0,87,712,0
620.305,845512,720.0,100,796,0
620.628,845620,607.0,91,683,0
620.664,845632,250.0,30,313,0
621.878,846036,1345.0,163,1433,0
622.199,846144,1333.0,230,1435,0
622.536,846260,1351.0,157,1433,0
623.016,846420,1321.0,200,1414,0
625.796,846492,605.0,87,679,0
626.229,846628,619.0,92,694,0
626.444,846700,1443.0,166,1527,0
627.404,847028,1345.0,152,1432,0
627.776,847152,254.0,31,311,0
628.003,847228,758.0,132,834,0
628.199,847296,1035.0,201,1130,0
628.508,847400,1037.0,193,1128,0
628.721,847472,610.0,61,679,0
631.931,847732,1349.0,145,1434,0
633.265,848172,1342.0,175,1435,0
633.395,848216,1704.0,230,1798,0
633.932,848396,1857.0,249,1962,0
636.869,848536,614.0,91,682,0
637.033,848592,1426.0,215,1524,0
638.59,849124,1334.0,147,1418,0
638.59,849124,1323.0,182,1415,0
638.886,849224,1869.0,252,1956,0
639.142,849312,1705.0,180,1795,0
642.932,849764,724.0,135,807,0
642.943,849768,1039.0,161,1126,0
643.32,849896,1583.0,193,1678,0
644.973,850456,1320.0,286,1433,0
647.857,850584,1583.0,172,1673,0
647.87,850588,1346.0,205,1435,0
649.996,851312,1320.0,214,1416,0
650.218,851384,1715.0,200,1797,0
650.327,851420,1323.0,208,1415,0
650.643,851528,3046.0,441,3161,1
653.744,851736,618.0,88,693,0
653.989,851816,620.0,72,690,0
654.45,851972,642.0,138,723,0
656.39,852560,1676.0,312,1783,0
659.073,852640,1345.0,206,1436,0
659.38,852744,1304.0,252,1408,0
659.46,852772,1328.0,200,1417,0
660.49,853116,1349.0,139,1433,0
660.872,853240,1053.0,150,1130,0
661.204,853340,641.0,142,723,0
661.757,853520,655.0,70,724,0
661.839,853548,811.0,201,899,0
664.629,853660,251.0,28,314,0
665.268,853864,1441.0,187,1527,0
665.588,853964,653.0,76,722,0
665.713,854004,1344.0,166,1433,0
665.838,854044,1074.0,131,1150,0
667.333,854536,1426.0,168,1517,0
667.61,854624,1347.0,155,1435,0
670.494,854764,1430.0,180,1514,0
670.87,854888,1700.0,231,1793,0
671.016,854936,594.0,100,672,0
671.375,855056,654.0,73,723,0
671.773,855192,1325.0,142,1409,0
672.638,855492,818.0,139,899,0
673.137,855664,1343.0,194,1435,0
675.747,855704,1043.0,162,1129,0
676.286,855880,1320.0,172,1409,0
676.792,856048,654.0,86,725,0
676.981,856112,1429.0,155,1515,0
677.626,856300,1345.0,159,1433,0
677.778,856352,612.0,60,675,0
678.419,856564,1047.0,171,1136,0
678.537,856604,634.0,76,705,0
681.681,856828,1428.0,195,1523,0
682.821,857216,1320.0,163,1409,0
682.916,857248,768.0,161,856,0
683.057,857296,1699.0,236,1795,0
683.724,857516,618.0,75,691,0
683.934,857584,1876.0,189,1961,0
687.237,857832,612.0,62,680,0
687.552,857940,1427.0,161,1515,0
687.565,857944,251.0,28,312,0
687.857,858044,1696.0,199,1784,0
688.607,858304,1428.0,197,1524,0
689.781,858700,603.0,99,679,0
692.522,858788,1425.0,186,1518,0
692.737,858860,1701.0,229,1792,0
693.241,859032,1683.0,273,1787,0
693.493,859120,620.0,65,690,0
694.552,859472,1689.0,193,1782,0
698.047,859792,1924.0,251,2025,0
698.203,859844,1577.0,203,1672,0
698.575,859972,1688.0,213,1788,0
698.851,860068,1349.0,149,1434,0
698.909,860088,620.0,74,691,0
699.026,860128,619.0,71,689,0
699.403,860260,616.0,72,687,0
699.631,860336,612.0,62,680,0
700.573,860616,608.0,89,682,0
703.952,860928,1349.0,148,1435,0
703.963,860932,1925.0,216,2022,0
704.188,861008,1941.0,220,2025,0
704.699,861184,1356.0,142,1434,0
704.774,861208,611.0,69,681,0
705.572,861456,619.0,68,689,0
706.227,861664,737.0,114,815,0
710.352,862216,1316.0,190,1409,0
710.673,862320,1669.0,328,1790,0
710.805,862364,1588.0,175,1678,0
711.007,862432,3055.0,376,3161,1
711.635,862648,621.0,82,694,0
711.786,862700,659.0,84,723,0
712.11,862808,816.0,148,899,0
715.078,862980,654.0,70,723,0
716.348,863344,1574.0,228,1668,0
717.121,863600,1330.0,155,1409,0
717.239,863640,1721.0,208,1791,0
720.545,863912,642.0,142,725,0
720.821,864004,1905.0,339,2021,0
720.913,864036,606.0,99,682,0
721.282,864164,817.0,141,899,0
721.83,864352,733.0,110,811,0
723.429,864876,1935.0,218,2025,0
726.021,864904,1580.0,185,1671,0
726.927,865212,612.0,84,685,0
727.314,865344,1933.0,248,2029,0
727.788,865508,1427.0,151,1513,0
727.969,865572,625.0,90,693,0
728.142,865632,623.0,72,693,0
728.464,865744,608.0,59,676,0
728.534,865768,2621.0,433,2762,0
731.894,866080,621.0,84,695,0
731.941,866096,1049.0,116,1128,0
732.235,866196,248.0,29,311,0
732.375,866244,1445.0,168,1529,0
733.098,866480,1593.0,178,1677,0
733.193,866512,621.0,67,692,0
733.548,866632,250.0,30,313,0
733.687,866680,1052.0,121,1131,0
733.721,866692,1325.0,149,1408,0
736.99,866944,1051.0,116,1129,0
737.753,867156,1352.0,131,1434,0
737.964,867224,1069.0,133,1152,0
738.313,867340,749.0,165,837,0
738.629,867448,1050.0,126,1129,0
739.437,867724,817.0,142,899,0
739.704,867808,628.0,90,704,0
739.803,867840,1348.0,154,1434,0
742.915,868064,626.0,85,701,0
743.008,868096,612.0,64,682,0
743.181,868156,609.0,87,682,0
743.481,868260,1689.0,230,1789,0
743.781,868364,628.0,75,699,0
744.273,868532,617.0,68,686,0
744.864,868728,609.0,91,684,0
745.065,868792,1346.0,159,1434,0
745.092,868800,612.0,67,682,0
745.499,868924,1034.0,207,1127,0
748.386,869036,249.0,28,311,0
748.992,869244,1051.0,113,1128,0
749.364,869360,255.0,29,311,0
749.482,869400,620.0,91,696,0
749.95,869548,1323.0,187,1415,0
750.291,869660,1310.0,233,1408,0
753.936,870040,1048.0,123,1127,0
754.076,870088,1341.0,182,1433,0
754.076,870088,812.0,172,900,0
754.619,870276,822.0,154,898,0
754.997,870396,619.0,89,687,0
755.063,870416,636.0,82,708,0
755.826,870652,589.0,94,663,0
756.057,870728,634.0,78,706,0
756.179,870768,252.0,29,314,0
756.398,870840,248.0,28,311,0
756.604,870908,1705.0,205,1795,0
756.848,870992,1042.0,149,1125,0
759.693,871128,633.0,72,703,0
760.116,871264,1048.0,124,1128,0
761.123,871592,1317.0,171,1408,0
761.389,871680,1324.0,138,1408,0
762.173,871940,607.0,87,681,0
762.259,871968,1881.0,244,1962,0
762.415,872020,1320.0,189,1409,0
765.419,872188,1048.0,127,1128,0
765.677,872268,625.0,75,696,0
767.023,872708,1698.0,192,1785,0
767.647,872916,1422.0,224,1520,0
767.804,872968,722.0,175,812,0
767.913,873004,642.0,74,712,0
771.091,873240,615.0,68,685,0
771.923,873528,636.0,72,706,0
772.525,873736,1702.0,183,1794,0
772.788,873828,638.0,75,707,0
773.067,873924,1330.0,252,1435,0
776.219,874120,605.0,73,675,0
776.656,874268,1327.0,133,1408,0
776.838,874332,3048.0,536,3161,1
776.964,874376,1076.0,113,1155,0
777.475,874552,653.0,71,722,0
777.881,874692,1349.0,143,1434,0
777.928,874708,632.0,83,705,0
778.629,874948,1349.0,154,1435,0
781.969,875236,635.0,72,706,0
782.221,875316,1324.0,191,1415,0
782.462,875396,1434.0,176,1525,0
783.978,875904,1336.0,127,1415,0
784.012,875916,1039.0,170,1128,0
784.012,875916,2357.0,302,2471,0
787.443,876232,653.0,79,722,0
787.618,876292,593.0,94,667,0
787.641,876300,1417.0,246,1523,0
788.324,876536,1344.0,158,1431,0
789.5,876940,1424.0,162,1511,0
789.706,877004,1328.0,176,1414,0
792.729,877192,1432.0,240,1520,0
793.126,877328,653.0,81,723,0
793.369,877412,1318.0,219,1417,0
793.531,877468,617.0,69,687,0
794.12,877664,1341.0,181,1433,0
795.125,877984,623.0,80,688,0
795.23,878016,1329.0,172,1418,0
795.32,878044,1323.0,144,1408,0
798.698,878304,616.0,65,686,0
799.164,878464,2378.0,263,2476,0
799.633,878620,655.0,79,724,0
800.472,878884,1860.0,217,1949,0
800.919,879032,612.0,142,697,0
801.368,879180,634.0,74,706,0
804.01,879248,1297.0,316,1414,0
804.703,879476,1574.0,214,1664,0
805.151,879616,1332.0,146,1414,0
805.836,879808,773.0,157,860,0
805.96,879840,1344.0,148,1429,0
806.172,879904,656.0,72,724,0
806.847,880128,654.0,72,723,0
806.892,880144,651.0,84,722,0
810.913,880664,1044.0,130,1126,0
811.023,880700,1327.0,199,1414,0
811.386,880820,250.0,30,313,0
811.447,880840,1424.0,178,1515,0
815.684,881408,640.0,147,723,0
815.908,881480,1430.0,204,1527,0
816.673,881736,1705.0,224,1789,0
816.821,881788,609.0,77,680,0
816.901,881816,2599.0,585,2764,0
817.632,882064,779.0,164,867,0
820.984,882364,643.0,75,714,0
821.067,882392,1587.0,164,1660,0
821.537,882552,1937.0,191,2020,0
821.851,882660,609.0,67,679,0
821.898,882676,632.0,78,704,0
822.143,882760,1866.0,236,1954,0
822.394,882848,615.0,74,686,0
823.495,883228,611.0,138,695,0
826.557,883400,1442.0,138,1525,0
826.719,883456,1440.0,199,1528,0
826.811,883488,1347.0,182,1440,0
828.187,883960,1350.0,140,1434,0
828.704,884136,1330.0,162,1416,0
828.775,884160,1340.0,176,1433,0
829.179,884300,236.0,35,300,0
832.513,884588,2364.0,340,2470,0
832.743,884668,1035.0,177,1125,0
834.131,885128,1715.0,207,1797,0
834.251,885168,1436.0,145,1520,0
834.323,885192,829.0,131,900,0
834.547,885268,237.0,35,300,0
837.868,885524,641.0,89,709,0
838.038,885584,2365.0,362,2475,0
838.049,885588,587.0,99,663,0
838.558,885764,611.0,60,679,0
839.187,885980,760.0,178,844,0
839.378,886048,1055.0,116,1125,0
839.703,886156,607.0,98,683,0
840.185,886316,629.0,84,703,0
844.285,886880,1937.0,208,2024,0
844.285,886880,1041.0,181,1130,0
844.33,886896,817.0,145,899,0
845.416,887252,652.0,89,724,0
845.429,887256,2343.0,417,2473,0
849.169,887652,1036.0,193,1128,0
849.619,887796,644.0,135,724,0
849.684,887816,1416.0,234,1519,0
850.06,887936,1341.0,171,1433,0
850.482,888076,619.0,65,689,0
851.414,888376,655.0,75,724,0
851.471,888396,1331.0,150,1415,0
854.156,888484,1717.0,208,1799,0
854.541,888616,1343.0,170,1433,0
854.711,888672,645.0,74,710,0
855.205,888828,607.0,86,682,0
855.665,888972,633.0,75,706,0
856.928,889388,639.0,140,722,0
856.939,889392,1570.0,249,1673,0
860.463,889688,1860.0,268,1961,0
860.694,889764,1419.0,198,1515,0
861.568,890056,633.0,73,704,0
861.689,890096,1719.0,176,1802,0
862.654,890424,1448.0,184,1527,0
862.825,890480,1688.0,273,1798,0
866.365,890788,1442.0,183,1528,0
866.389,890796,611.0,93,685,0
866.604,890868,607.0,97,683,0
866.652,890884,1347.0,197,1433,0
866.936,890980,251.0,28,314,0
867.66,891228,1052.0,108,1128,0
868.302,891440,813.0,163,899,0
868.458,891492,1433.0,152,1520,0
871.641,891740,721.0,190,814,0
871.886,891824,651.0,83,722,0
872.002,891864,1433.0,159,1521,0
873.022,892212,1430.0,193,1525,0
873.127,892248,754.0,127,836,0
873.925,892524,628.0,69,699,0
876.915,892692,1742.0,207,1824,0
877.115,892760,1330.0,234,1431,0
877.29,892820,1436.0,152,1523,0
878.788,893332,1350.0,160,1436,0
879.023,893412,1332.0,148,1415,0
882.066,893592,1588.0,208,1678,0
882.213,893644,653.0,78,723,0
882.797,893848,2356.0,331,2473,0
883.222,893992,639.0,145,722,0
883.675,894148,1350.0,139,1434,0
884.125,894304,614.0,78,687,0
884.404,894400,1442.0,189,1528,0
884.764,894524,1041.0,169,1128,0
887.889,894704,730.0,100,808,0
888.204,894812,620.0,72,691,0
888.367,894868,1711.0,180,1794,0
888.599,894948,609.0,61,679,0
889.1,895120,1342.0,180,1434,0
889.348,895204,615.0,84,688,0
889.37,895212,610.0,66,680,0
890.316,895520,1322.0,177,1413,0
893.55,895784,1045.0,145,1128,0
894.029,895948,1337.0,207,1434,0
894.611,896140,1701.0,232,1794,0
894.767,896192,1344.0,168,1433,0
894.976,896260,251.0,30,314,0
895.559,896440,1351.0,164,1433,0
895.683,896472,631.0,70,702,0
898.756,896640,1040.0,173,1129,0
899.855,897008,642.0,142,724,0
900.001,897056,1335.0,199,1428,0
