elapsed_seconds,timesteps,return,length,max_x,completed,game_score,score_gain,coins,objective_reward_sum
10.609,2120732,3096.0,268,3161,1,800,800,2,5.8
10.641,2120740,3096.0,270,3161,1,800,800,2,5.8
10.66,2120744,3095.0,271,3161,1,700,700,2,5.7
10.969,2120816,3092.0,289,3161,1,700,700,2,5.7
21.449,2121812,3095.0,268,3161,1,700,700,2,5.7
22.008,2121924,3089.0,295,3161,1,800,800,2,5.8
22.285,2121980,3091.0,291,3161,1,700,700,2,5.7
23.075,2122088,2364.0,339,2469,0,800,800,2,-4.2
31.732,2122892,3096.0,270,3161,1,700,700,2,5.7
31.841,2122920,2676.0,235,2763,0,700,700,2,-4.3
32.335,2123040,3095.0,279,3161,1,800,800,2,5.8
33.405,2123292,3089.0,301,3161,1,700,700,2,5.7
34.875,2123604,1595.0,141,1671,0,500,500,1,-4.5
34.908,2123612,1948.0,173,2019,0,1100,1100,2,-3.9000000000000004
41.062,2124172,1595.0,142,1672,0,400,400,1,-4.6
41.407,2124244,817.0,158,900,0,300,300,0,-4.7
41.407,2124244,3082.0,338,3161,1,800,800,2,5.8
43.627,2124692,820.0,130,898,0,200,200,0,-4.8
46.143,2124800,3067.0,377,3161,1,500,500,1,5.5
46.492,2124880,1717.0,159,1794,0,600,600,1,-4.4
46.686,2124928,245.0,32,301,0,200,200,1,-4.8
47.429,2125036,250.0,27,313,0,0,0,0,-5.0
47.492,2125052,629.0,202,723,0,100,100,0,-4.9
48.995,2125352,1586.0,165,1673,0,300,300,0,-4.7
49.422,2125432,643.0,138,724,0,100,100,0,-4.9
50.818,2125668,815.0,158,898,0,300,300,0,-4.7
53.076,2125928,1434.0,219,1526,0,400,400,1,-4.6
53.34,2125984,736.0,138,820,0,100,100,0,-4.9
54.841,2126296,1716.0,157,1797,0,300,300,1,-4.7
55.998,2126592,656.0,74,724,0,100,100,0,-4.9
58.88,2126936,651.0,86,722,0,100,100,0,-4.9
60.809,2127496,1071.0,140,1153,0,300,300,0,-4.7
61.365,2127660,732.0,577,899,0,300,300,0,-4.7
67.419,2128476,697.0,245,800,0,200,200,0,-4.8
68.545,2128788,621.0,78,694,0,0,0,0,-5.0
72.541,2128920,242.0,33,299,0,200,200,1,-4.8
74.463,2129428,1282.0,442,1426,0,200,200,0,-4.8
74.921,2129536,246.0,27,309,0,0,0,0,-5.0
76.039,2129836,623.0,75,687,0,200,200,1,-4.8
79.275,2129944,250.0,27,313,0,0,0,0,-5.0
80.813,2130308,615.0,91,682,0,300,300,1,-4.7
83.17,2130892,1331.0,146,1413,0,200,200,0,-4.8
87.495,2131140,820.0,1289,1130,0,400,400,0,-4.6
89.605,2131620,1570.0,182,1656,0,300,300,1,-4.7
90.038,2131744,235.0,31,298,0,0,0,0,-5.0
94.632,2132220,799.0,270,899,0,300,300,1,-4.7
95.009,2132324,1445.0,145,1523,0,300,300,1,-4.7
95.767,2132532,652.0,78,722,0,0,0,0,-5.0
96.19,2132648,245.0,29,308,0,0,0,0,-5.0
96.45,2132712,627.0,97,696,0,200,200,1,-4.8
104.212,2133948,447.0,2005,899,0,300,300,0,-4.7
107.72,2134088,232.0,35,296,0,0,0,0,-5.0
108.134,2134208,253.0,30,316,0,0,0,0,-5.0
109.159,2134504,615.0,74,684,0,100,100,0,-4.9
110.841,2134988,1058.0,121,1138,0,100,100,0,-4.9
114.632,2135248,622.0,65,691,0,0,0,0,-5.0
115.504,2135496,1243.0,696,1434,0,600,600,0,-4.4
115.676,2135548,636.0,75,701,0,200,200,1,-4.8
115.898,2135616,249.0,30,311,0,0,0,0,-5.0
121.004,2136316,737.0,175,826,0,200,200,0,-4.8
121.057,2136332,731.0,196,826,0,100,100,0,-4.9
121.488,2136448,251.0,33,315,0,0,0,0,-5.0
121.913,2136568,253.0,30,310,0,200,200,1,-4.8
123.324,2136928,1208.0,2002,1662,0,400,400,0,-4.6
123.357,2136936,627.0,92,694,0,300,300,1,-4.7
128.943,2137556,815.0,155,900,0,0,0,0,-5.0
129.1,2137600,835.0,1238,1136,0,300,300,0,-4.7
129.404,2137684,251.0,32,315,0,0,0,0,-5.0
129.592,2137732,1119.0,350,1238,0,400,400,1,-4.6
129.976,2137840,1038.0,228,1138,0,100,100,0,-4.9
130.534,2137968,655.0,71,724,0,0,0,0,-5.0
133.956,2138100,241.0,33,304,0,0,0,0,-5.0
134.234,2138180,612.0,85,686,0,0,0,0,-5.0
134.901,2138372,595.0,160,682,0,100,100,0,-4.9
136.117,2138716,805.0,279,899,0,600,600,2,-4.4
137.01,2138976,1337.0,219,1435,0,300,300,0,-4.7
141.141,2139348,618.0,93,686,0,300,300,1,-4.7
147.06,2140236,725.0,466,874,0,200,200,0,-4.8
147.499,2140364,242.0,32,305,0,0,0,0,-5.0
153.463,2141208,638.0,623,819,0,100,100,0,-4.9
155.714,2141828,638.0,155,723,0,0,0,0,-5.0
156.108,2141944,258.0,29,314,0,200,200,1,-4.8
156.681,2142104,231.0,40,296,0,0,0,0,-5.0
174.709,2144620,634.0,1064,899,0,200,200,0,-4.8
182.874,2145940,687.0,1940,1126,0,400,400,0,-4.6
183.388,2146092,226.0,38,290,0,0,0,0,-5.0
183.958,2146252,231.0,40,295,0,0,0,0,-5.0
193.952,2147368,269.0,2005,723,0,100,100,0,-4.9
196.244,2148020,1084.0,1479,1432,0,500,500,0,-4.5
196.838,2148160,236.0,35,299,0,0,0,0,-5.0
200.393,2148352,803.0,246,898,0,400,400,1,-4.6
200.807,2148472,245.0,30,308,0,0,0,0,-5.0
202.938,2149080,644.0,152,722,0,200,200,1,-4.8
207.026,2149444,633.0,91,708,0,100,100,0,-4.9
207.534,2149584,246.0,35,311,0,0,0,0,-5.0
208.023,2149716,237.0,33,301,0,0,0,0,-5.0
216.36,2151240,1105.0,1247,1406,0,500,500,0,-4.5
226.837,2152640,521.0,2005,969,0,400,400,1,-4.6
229.169,2153236,633.0,149,711,0,300,300,1,-4.7
229.792,2153412,232.0,44,289,0,200,200,1,-4.8
240.528,2154692,1113.0,1244,1415,0,200,200,0,-4.8
241.069,2154840,239.0,37,296,0,200,200,1,-4.8
241.669,2155004,234.0,41,292,0,200,200,1,-4.8
249.092,2156180,448.0,2005,899,0,400,400,0,-4.6
250.725,2156504,635.0,81,709,0,0,0,0,-5.0
250.769,2156516,1556.0,378,1680,0,400,400,1,-4.6
256.288,2157136,815.0,155,899,0,100,100,0,-4.9
261.28,2157676,818.0,135,898,0,100,100,0,-4.9
262.273,2157960,616.0,71,687,0,100,100,0,-4.9
267.977,2158580,630.0,155,710,0,300,300,1,-4.7
269.811,2159056,463.0,1954,899,0,400,400,1,-4.6
275.416,2159808,809.0,188,899,0,200,200,0,-4.8
275.8,2159916,249.0,27,311,0,0,0,0,-5.0
277.032,2160264,684.0,421,815,0,400,400,1,-4.6
277.534,2160396,238.0,33,301,0,0,0,0,-5.0
284.872,2161432,447.0,2005,899,0,300,300,0,-4.7
285.384,2161576,228.0,36,292,0,0,0,0,-5.0
288.801,2161724,236.0,37,301,0,0,0,0,-5.0
289.39,2161852,240.0,32,303,0,0,0,0,-5.0
289.861,2161972,254.0,30,310,0,200,200,1,-4.8
291.621,2162436,722.0,116,801,0,100,100,0,-4.9
292.158,2162584,244.0,37,309,0,0,0,0,-5.0
296.816,2163032,1050.0,112,1126,0,200,200,0,-4.8
297.349,2163176,242.0,36,298,0,200,200,1,-4.8
305.595,2164524,448.0,2005,899,0,400,400,0,-4.6
310.367,2164892,618.0,92,694,0,0,0,0,-5.0
332.091,2167936,270.0,2005,723,0,200,200,0,-4.8
333.821,2168416,283.0,2005,723,0,500,500,2,-4.5
334.224,2168528,640.0,148,723,0,100,100,0,-4.9
339.044,2169036,817.0,155,900,0,200,200,0,-4.8
339.632,2169180,607.0,163,690,0,200,200,1,-4.8
340.071,2169300,246.0,30,309,0,0,0,0,-5.0
340.566,2169440,243.0,35,308,0,0,0,0,-5.0
341.059,2169576,244.0,34,308,0,0,0,0,-5.0
347.519,2170384,810.0,202,898,0,200,200,1,-4.8
348.161,2170532,238.0,37,296,0,200,200,1,-4.8
353.727,2171196,446.0,2005,899,0,200,200,0,-4.8
361.582,2172384,752.0,463,898,0,100,100,0,-4.9
362.021,2172484,1209.0,862,1436,0,300,300,0,-4.7
362.155,2172520,242.0,34,305,0,0,0,0,-5.0
366.485,2172912,455.0,2005,899,0,600,600,1,-4.4
366.978,2173044,237.0,33,300,0,0,0,0,-5.0
367.338,2173148,1335.0,157,1421,0,300,300,0,-4.7
367.445,2173176,239.0,33,303,0,0,0,0,-5.0
367.872,2173292,249.0,36,307,0,200,200,1,-4.8
368.793,2173504,638.0,82,704,0,300,300,1,-4.7
369.042,2173568,1318.0,271,1415,0,700,700,1,-4.3
373.324,2174000,617.0,108,695,0,0,0,0,-5.0
374.996,2174480,1055.0,120,1127,0,200,200,1,-4.8
379.77,2175020,718.0,379,842,0,400,400,1,-4.6
381.727,2175564,818.0,136,899,0,100,100,0,-4.9
383.276,2175952,624.0,97,699,0,0,0,0,-5.0
389.02,2176816,626.0,216,724,0,0,0,0,-5.0
394.719,2177644,541.0,1088,813,0,200,200,0,-4.8
395.415,2177824,704.0,252,803,0,300,300,1,-4.7
396.082,2177948,609.0,76,681,0,0,0,0,-5.0
399.791,2178208,633.0,96,709,0,100,100,0,-4.9
399.94,2178252,1014.0,1764,1417,0,500,500,0,-4.5
401.801,2178756,1049.0,126,1129,0,100,100,0,-4.9
402.361,2178896,1070.0,172,1152,0,500,500,1,-4.5
406.106,2179188,616.0,73,686,0,100,100,0,-4.9
406.66,2179348,641.0,148,724,0,100,100,0,-4.9
407.102,2179476,249.0,32,313,0,0,0,0,-5.0
407.612,2179620,247.0,36,305,0,200,200,1,-4.8
408.976,2180004,721.0,96,788,0,300,300,1,-4.7
412.948,2180316,618.0,78,691,0,0,0,0,-5.0
415.091,2180900,639.0,146,723,0,0,0,0,-5.0
415.556,2181028,244.0,32,307,0,0,0,0,-5.0
419.997,2181456,671.0,877,899,0,200,200,0,-4.8
426.39,2182500,277.0,2005,723,0,400,400,1,-4.6
432.326,2183388,756.0,483,898,0,400,400,1,-4.6
433.993,2183856,727.0,117,800,0,200,200,1,-4.8
434.466,2183988,252.0,33,308,0,200,200,1,-4.8
434.988,2184136,244.0,37,302,0,200,200,1,-4.8
438.345,2184280,226.0,36,290,0,0,0,0,-5.0
439.686,2184592,653.0,78,722,0,100,100,0,-4.9
446.839,2185252,584.0,165,673,0,100,100,0,-4.9
448.178,2185588,618.0,84,691,0,100,100,0,-4.9
458.086,2187208,271.0,2005,724,0,200,200,0,-4.8
461.424,2187292,1158.0,1566,1517,0,600,600,1,-4.4
462.431,2187548,617.0,64,680,0,200,200,1,-4.8
462.956,2187688,239.0,35,297,0,200,200,1,-4.8
464.42,2188044,653.0,89,724,0,100,100,0,-4.9
470.217,2188584,1238.0,749,1434,0,600,600,1,-4.4
470.614,2188676,774.0,367,899,0,300,300,0,-4.7
470.714,2188700,256.0,29,312,0,200,200,1,-4.8
476.441,2189324,615.0,162,698,0,200,200,1,-4.8
476.441,2189324,605.0,156,686,0,300,300,1,-4.7
477.111,2189440,252.0,29,315,0,0,0,0,-5.0
477.661,2189572,238.0,33,301,0,0,0,0,-5.0
477.89,2189628,614.0,76,679,0,300,300,1,-4.7
478.377,2189748,255.0,30,312,0,200,200,1,-4.8
484.286,2190520,269.0,2005,723,0,100,100,0,-4.9
484.845,2190656,238.0,34,301,0,0,0,0,-5.0
493.186,2192008,1174.0,991,1423,0,500,500,0,-4.5
493.213,2192016,602.0,340,723,0,100,100,0,-4.9
493.613,2192132,247.0,31,311,0,0,0,0,-5.0
493.654,2192144,240.0,32,303,0,0,0,0,-5.0
494.184,2192300,233.0,42,297,0,0,0,0,-5.0
499.273,2192912,638.0,153,722,0,100,100,0,-4.9
500.024,2193112,1206.0,841,1421,0,600,600,1,-4.4
504.809,2193544,638.0,158,723,0,100,100,0,-4.9
505.988,2193852,608.0,77,680,0,100,100,0,-4.9
506.446,2193968,248.0,29,311,0,0,0,0,-5.0
506.571,2194000,634.0,222,725,0,300,300,1,-4.7
513.008,2194868,640.0,217,724,0,400,400,2,-4.6
513.54,2195004,234.0,34,298,0,0,0,0,-5.0
519.377,2195676,1271.0,427,1411,0,200,200,0,-4.8
519.827,2195792,258.0,29,314,0,200,200,1,-4.8
520.591,2195988,1549.0,961,1787,0,500,500,1,-4.5
521.187,2196148,228.0,40,292,0,0,0,0,-5.0
521.69,2196280,244.0,33,301,0,200,200,1,-4.8
525.962,2196612,615.0,83,687,0,100,100,0,-4.9
532.776,2197592,278.0,2005,725,0,300,300,1,-4.7
540.451,2198624,667.0,905,899,0,300,300,0,-4.7
543.864,2199304,593.0,170,683,0,100,100,0,-4.9
544.359,2199424,254.0,30,309,0,200,200,1,-4.8
549.227,2199712,693.0,775,899,0,300,300,0,-4.7
557.956,2200852,1116.0,1265,1424,0,200,200,0,-4.8
566.423,2201984,950.0,640,1129,0,400,400,0,-4.6
566.893,2202100,252.0,29,315,0,0,0,0,-5.0
581.853,2203684,601.0,993,848,0,300,300,1,-4.7
586.236,2204652,567.0,242,671,0,100,100,0,-4.9
593.357,2205612,276.0,2005,723,0,300,300,1,-4.7
616.687,2208872,271.0,2005,724,0,200,200,0,-4.8
624.113,2210120,271.0,2005,724,0,200,200,0,-4.8
629.904,2211032,637.0,228,723,0,400,400,2,-4.6
638.848,2212672,271.0,2005,724,0,200,200,0,-4.8
639.33,2212816,244.0,36,308,0,0,0,0,-5.0
645.158,2213632,271.0,2005,724,0,200,200,0,-4.8
649.217,2213980,610.0,291,723,0,0,0,0,-5.0
664.879,2216892,447.0,2005,899,0,300,300,0,-4.7
680.934,2219052,276.0,2005,722,0,400,400,1,-4.6
681.436,2219196,245.0,36,303,0,200,200,1,-4.8
681.95,2219340,241.0,36,304,0,0,0,0,-5.0
682.434,2219464,246.0,31,310,0,0,0,0,-5.0
682.924,2219604,242.0,35,306,0,0,0,0,-5.0
695.876,2221652,270.0,2005,723,0,200,200,0,-4.8
696.381,2221800,246.0,37,302,0,200,200,1,-4.8
697.079,2222000,448.0,2005,899,0,400,400,0,-4.6
700.321,2222148,238.0,37,302,0,0,0,0,-5.0
700.844,2222296,243.0,37,306,0,0,0,0,-5.0
702.33,2222716,583.0,105,659,0,0,0,0,-5.0
716.301,2224912,271.0,2005,724,0,200,200,0,-4.8
729.204,2226892,1372.0,495,1524,0,400,400,0,-4.6
734.658,2227624,276.0,2005,723,0,300,300,1,-4.7
734.692,2227632,854.0,1229,1153,0,400,400,0,-4.6
735.185,2227772,245.0,35,301,0,200,200,1,-4.8
735.424,2227836,1142.0,236,1241,0,500,500,0,-4.5
740.333,2228420,579.0,199,676,0,0,0,0,-5.0
747.575,2229656,784.0,309,898,0,200,200,0,-4.8
748.144,2229820,269.0,2005,723,0,100,100,0,-4.9
753.057,2230428,639.0,152,723,0,100,100,0,-4.9
753.389,2230524,1146.0,217,1238,0,400,400,1,-4.6
753.562,2230576,233.0,37,297,0,0,0,0,-5.0
758.952,2231280,1341.0,189,1435,0,100,100,0,-4.9
759.095,2231320,667.0,887,898,0,100,100,0,-4.9
759.254,2231368,808.0,198,900,0,200,200,0,-4.8
759.547,2231452,237.0,33,300,0,0,0,0,-5.0
760.038,2231596,244.0,36,309,0,0,0,0,-5.0
767.472,2232752,1021.0,289,1125,0,300,300,1,-4.7
768.126,2232936,597.0,1275,898,0,300,300,1,-4.7
768.91,2233160,605.0,102,674,0,300,300,1,-4.7
769.477,2233308,239.0,37,303,0,0,0,0,-5.0
772.722,2233456,231.0,37,296,0,0,0,0,-5.0
772.779,2233472,653.0,548,819,0,100,100,0,-4.9
773.976,2233820,950.0,613,1125,0,300,300,0,-4.7
774.426,2233948,256.0,32,313,0,200,200,1,-4.8
774.83,2234068,646.0,149,722,0,300,300,1,-4.7
775.319,2234212,248.0,36,313,0,0,0,0,-5.0
779.378,2234488,818.0,135,898,0,100,100,0,-4.9
779.698,2234580,634.0,92,707,0,100,100,0,-4.9
787.678,2236080,1112.0,398,1245,0,400,400,0,-4.6
791.85,2236512,591.0,108,662,0,200,200,1,-4.8
793.165,2236880,608.0,92,682,0,100,100,0,-4.9
797.652,2237424,601.0,136,686,0,0,0,0,-5.0
807.502,2239264,620.0,1171,900,0,400,400,1,-4.6
811.818,2239732,3023.0,577,3161,1,700,700,0,5.7
818.822,2240956,277.0,2005,723,0,400,400,1,-4.6
820.606,2241476,270.0,2005,723,0,200,200,0,-4.8
825.708,2242040,640.0,141,723,0,0,0,0,-5.0
825.941,2242096,612.0,285,723,0,100,100,0,-4.9
825.969,2242104,1253.0,593,1416,0,600,600,1,-4.4
845.134,2244952,932.0,712,1128,0,200,200,0,-4.8
850.398,2245620,819.0,167,899,0,300,300,1,-4.7
852.541,2246240,611.0,155,697,0,100,100,0,-4.9
853.738,2246584,612.0,86,684,0,100,100,0,-4.9
858.793,2247284,277.0,2005,724,0,300,300,1,-4.7
864.296,2248096,512.0,1500,868,0,200,200,0,-4.8
864.581,2248180,568.0,399,704,0,100,100,0,-4.9
876.553,2250060,270.0,2005,723,0,200,200,0,-4.8
885.067,2251664,590.0,401,724,0,100,100,0,-4.9
