time/total_timesteps,time/fps,time/iterations,rollout/ep_rew_mean,rollout/ep_len_mean,time/time_elapsed,train/value_loss,train/clip_fraction,train/learning_rate,train/n_updates,train/clip_range,train/entropy_loss,train/loss,train/policy_gradient_loss,train/approx_kl,train/explained_variance
2120684,162,1,28.475200000000005,257.85,6,,,,,,,,,,
2121708,130,2,27.466800000000003,258.07,15,1.1434268597513437,0.0322265625,0.0001,8263,0.2,-0.22986196540296078,0.2325945794582367,0.004687668522819877,0.0098754205,0.9795482158660889
2122732,116,3,26.358900000000002,258.93,26,1.441084086894989,0.0244140625,0.0001,8267,0.2,-0.33735417015850544,0.3052782118320465,0.0008679275924805552,0.009562122,0.4343893527984619
2123756,114,4,24.548299999999998,255.75,35,1.0463261678814888,0.042236328125,0.0001,8271,0.2,-0.5225721430033445,0.4424426257610321,-0.0033654159342404455,0.0136244595,0.5599569082260132
2124780,116,5,23.227800000000002,252.31,44,2.0028469721476236,0.05286458333333333,0.0001,8275,0.2,-0.619326921304067,0.7019291520118713,0.006836800696328282,0.023618162,0.2357918620109558
2125804,119,6,20.677300000000006,244.55,51,1.4052954316139221,0.09375,0.0001,8278,0.2,-0.9674340618981255,0.4925280213356018,0.008327578608360555,0.038504627,0.12219619750976562
2126828,125,7,19.248199999999997,239.53,56,2.408540630340576,0.11953125,0.0001,8280,0.2,-1.060862696170807,1.246229887008667,0.00961600337177515,0.031420156,0.14915955066680908
2127852,131,8,18.1771,239.16,62,1.050715446472168,0.21158854166666666,0.0001,8282,0.2,-1.3279634714126587,0.5598136782646179,0.006632399434844653,0.033895224,-0.06572294235229492
2128876,133,9,17.4599,237.0,68,0.6061365101486444,0.164306640625,0.0001,8286,0.2,-1.4255270138382912,0.26753681898117065,0.0022916648886166513,0.014624323,-0.06966197490692139
2129900,134,10,16.027500000000003,232.02,76,0.34214119520038366,0.10986328125,0.0001,8290,0.2,-1.3908491730690002,0.13166490197181702,-0.008194210531655699,0.011797868,0.14639508724212646
2130924,135,11,14.955,225.91,83,0.5322262495756149,0.026611328125,0.0001,8294,0.2,-1.345926195383072,0.09583292156457901,-0.003516930795740336,0.0047717188,0.23539412021636963
2131948,135,12,14.087800000000001,234.44,90,0.22479233425110579,0.033203125,0.0001,8298,0.2,-1.252406969666481,0.06427302956581116,-0.007293141301488504,0.0044760546,0.7103452086448669
2132972,136,13,12.911800000000003,231.73,97,0.39644561521708965,0.10791015625,0.0001,8302,0.2,-1.3293549716472626,0.1944221705198288,-0.003865195845719427,0.01770756,0.566680908203125
2133996,137,14,12.8396,251.51,104,0.5816281456500292,0.07177734375,0.0001,8306,0.2,-1.3677938804030418,0.2075120508670807,-0.005536924298212398,0.017064374,0.5495824813842773
2135020,138,15,11.811499999999999,246.8,110,0.22486051078885794,0.217041015625,0.0001,8310,0.2,-1.484894521534443,0.073550745844841,-0.011313289403915405,0.011044519,0.031197547912597656
2136044,139,16,10.7898,247.99,117,0.342320897616446,0.0478515625,0.0001,8314,0.2,-1.4388302564620972,0.1204407662153244,-0.003176986239850521,0.010051832,0.5207380056381226
2137068,140,17,8.850200000000001,258.02,123,0.22006728686392307,0.0654296875,0.0001,8318,0.2,-1.4466687887907028,0.06923388689756393,-0.0021509250218514353,0.0065114596,0.8058038353919983
2138092,140,18,6.7014999999999985,262.19,131,0.5169077292084694,0.14404296875,0.0001,8322,0.2,-1.4251074641942978,0.22165462374687195,-0.01050368687720038,0.010984581,0.5826816558837891
2139116,141,19,5.0539000000000005,256.93,137,0.5941971987485886,0.03662109375,0.0001,8326,0.2,-1.424051582813263,0.24553371965885162,-0.0035566216538427398,0.010207598,0.22784072160720825
2140140,142,20,4.6973,255.17,144,0.40448122657835484,0.099365234375,0.0001,8330,0.2,-1.4317040592432022,0.13528183102607727,-0.006322209490463138,0.013082513,0.13031816482543945
2141164,142,21,3.9801000000000006,254.74,150,0.11431962018832564,0.031982421875,0.0001,8334,0.2,-1.4560157507658005,0.028493963181972504,-0.006126237305579707,0.008533572,0.33562374114990234
2142188,143,22,2.544800000000001,252.15,157,0.19258712697774172,0.035400390625,0.0001,8338,0.2,-1.4310716912150383,0.058742303401231766,-0.007481977576389909,0.009082134,0.3431115746498108
2143212,144,23,2.544800000000001,252.15,163,0.29985957965254784,0.03369140625,0.0001,8342,0.2,-1.4143847823143005,0.15155062079429626,-0.0037125849921721965,0.006966079,0.4227331280708313
2144236,144,24,2.544800000000001,252.15,170,0.043309966975357383,0.00146484375,0.0001,8346,0.2,-1.4302487447857857,-0.007880305871367455,-0.0009254983451683074,0.002653179,0.5604677200317383
2145260,144,25,2.1872000000000003,260.1,177,0.008704838153789751,0.025390625,0.0001,8350,0.2,-1.4920145645737648,-0.018550481647253036,-0.0009921239106915891,0.0073619504,0.8801587224006653
2146284,144,26,1.1131000000000002,271.88,184,0.15046921046450734,0.00537109375,0.0001,8354,0.2,-1.484357014298439,0.08550990372896194,-0.002839560795109719,0.0013050643,0.0042528510093688965
2147308,144,27,1.1131000000000002,271.88,190,0.27753331372514367,0.0068359375,0.0001,8358,0.2,-1.4332839772105217,0.038524091243743896,-0.0048671860713511705,0.0034464607,0.2515305280685425
2148332,145,28,0.04280000000000007,297.86,197,0.02945218438981101,0.058837890625,0.0001,8362,0.2,-1.4746447205543518,-0.0034404871985316277,-0.004762934258906171,0.007885246,0.6813022494316101
2149356,145,29,-1.0294999999999996,293.86,203,0.2980861868709326,0.1181640625,0.0001,8366,0.2,-1.4614328294992447,0.07853186130523682,-0.005096398381283507,0.016842589,0.4295092821121216
2150380,146,30,-2.1066000000000003,286.96,210,0.3438513893634081,0.030517578125,0.0001,8370,0.2,-1.4708387181162834,0.1285596638917923,-0.004234807041939348,0.006171791,0.20005762577056885
2151404,146,31,-2.4606,296.43,216,0.27049885876476765,0.1142578125,0.0001,8374,0.2,-1.4787382706999779,0.08237333595752716,-0.00337642605882138,0.0075481334,0.4705343246459961
2152428,146,32,-2.4606,296.43,223,0.05499275680631399,0.064453125,0.0001,8378,0.2,-1.4654962718486786,-0.011422254145145416,-0.007641777454409748,0.009861492,0.8719183206558228
2153452,146,33,-3.5290000000000004,309.72,229,0.018227865832159296,0.0546875,0.0001,8382,0.2,-1.4596840366721153,-0.02707574889063835,-0.004335722915129736,0.008918746,0.4925524592399597
2154476,147,34,-3.5290000000000004,309.72,236,0.3058504071086645,0.08642578125,0.0001,8386,0.2,-1.4596448615193367,0.1029880940914154,-0.004299948748666793,0.011583154,0.41959893703460693
2155500,147,35,-3.846,314.85,243,0.03945250355172902,0.00439453125,0.0001,8390,0.2,-1.4589490294456482,-0.02158336713910103,-0.005044786201324314,0.001385652,0.36136364936828613
2156524,146,36,-4.16,330.97,250,0.15296961506828666,0.036376953125,0.0001,8394,0.2,-1.4157581105828285,0.054562024772167206,-0.005623256845865399,0.008157089,0.7757406234741211
2157548,146,37,-4.266,329.61,257,0.361182015389204,0.0380859375,0.0001,8398,0.2,-1.428718663752079,0.11749443411827087,-0.005912069580517709,0.00885046,0.5841864347457886
2158572,147,38,-4.379,325.58,264,0.15613022493198514,0.01708984375,0.0001,8402,0.2,-1.5038323476910591,0.07351230084896088,0.0018810480833053589,0.006069488,0.49471282958984375
2159596,146,39,-4.487,341.53,271,0.22930756816640496,0.03662109375,0.0001,8406,0.2,-1.539723090827465,0.08265995234251022,-0.0008906844886951149,0.0074817818,0.47820478677749634
2160620,147,40,-4.6080000000000005,340.65,278,0.1864410312846303,0.073974609375,0.0001,8410,0.2,-1.4850360080599785,0.0028176158666610718,-0.006970008136704564,0.00897065,0.5032447576522827
2161644,146,41,-4.716,356.1,285,0.45896115899086,0.02734375,0.0001,8414,0.2,-1.505373664200306,0.19081375002861023,-0.003431308956351131,0.0054869778,0.1836445927619934
2162668,147,42,-4.828,351.37,292,0.16823374130763113,0.08837890625,0.0001,8418,0.2,-1.5245632827281952,0.041006483137607574,-0.004404327308293432,0.0121517,0.48971593379974365
2163692,147,43,-4.828,349.18,299,0.2994126258417964,0.1015625,0.0001,8422,0.2,-1.477087840437889,0.1065291166305542,-0.008343619992956519,0.018341135,0.6266342997550964
2164716,147,44,-4.825,367.85,306,0.14398851245641708,0.03857421875,0.0001,8426,0.2,-1.4465136975049973,0.045200008898973465,-0.008293724269606173,0.0066313525,0.7770492434501648
2165740,146,45,-4.828,367.19,313,0.18180061411112547,0.005615234375,0.0001,8430,0.2,-1.4292387291789055,0.0732525885105133,1.5202094800770283e-05,0.0028244236,0.428554892539978
2166764,146,46,-4.828,367.19,321,0.13816044898703694,0.013916015625,0.0001,8434,0.2,-1.4801011979579926,0.06772862374782562,-0.007307213876629248,0.0041797766,0.5191366672515869
2167788,146,47,-4.828,367.19,328,0.005990650039166212,0.016845703125,0.0001,8438,0.2,-1.4970342516899109,-0.020315924659371376,-0.001107321004383266,0.0065816357,0.9504906535148621
2168812,146,48,-4.827999999999999,403.63,335,0.006968971632886678,0.036865234375,0.0001,8442,0.2,-1.446503221988678,-0.016610153019428253,-0.005626205762382597,0.0062219827,0.9552397727966309
2169836,146,49,-4.834,396.58,342,0.5071483999490738,0.07177734375,0.0001,8446,0.2,-1.4750000163912773,0.27338317036628723,-0.004734544083476067,0.0093368115,-0.12849462032318115
2170860,146,50,-4.832,397.86,349,0.6242104545235634,0.001953125,0.0001,8450,0.2,-1.4651220440864563,0.1856628656387329,-0.004389801877550781,0.0023821048,0.1314261555671692
2171884,146,51,-4.832,413.49,356,0.22328655095770955,0.03955078125,0.0001,8454,0.2,-1.4809867069125175,0.06342156231403351,-0.005471497570397332,0.008462916,0.35217511653900146
2172908,146,52,-4.829999999999999,425.79,363,0.14797294232994318,0.025146484375,0.0001,8458,0.2,-1.5213018879294395,0.030206985771656036,-0.003942523340811022,0.006216929,0.1205294132232666
2173932,146,53,-4.827,430.42,370,0.28882565163075924,0.03173828125,0.0001,8462,0.2,-1.5167696103453636,0.0480196475982666,-0.0041855364688672125,0.005040668,0.4346380829811096
2174956,146,54,-4.824999999999999,431.63,376,0.4399183727800846,0.015625,0.0001,8466,0.2,-1.490267239511013,0.20756089687347412,-0.004449428990483284,0.0053332224,0.5569323301315308
2175980,146,55,-4.824999999999999,416.38,383,0.2137250117957592,0.018798828125,0.0001,8470,0.2,-1.507560282945633,0.0763334333896637,-0.007057810318656266,0.0053127576,0.5235294699668884
2177004,147,56,-4.825,418.24,389,0.2789992280304432,0.13427734375,0.0001,8474,0.2,-1.4416580274701118,0.0874502956867218,-0.00407677300972864,0.01925221,0.5417397022247314
2178028,147,57,-4.821999999999999,429.8,396,0.20517045818269253,0.1279296875,0.0001,8478,0.2,-1.4476962089538574,0.11299235373735428,-0.0007583826954942197,0.018489294,0.4525650143623352
2179052,147,58,-4.8199999999999985,441.62,402,0.3842322453856468,0.080322265625,0.0001,8482,0.2,-1.4573139399290085,0.1656523048877716,-0.007107894925866276,0.0066977395,0.34283971786499023
2180076,147,59,-4.8229999999999995,421.94,409,0.25015269592404366,0.077880859375,0.0001,8486,0.2,-1.4434816092252731,0.08439727127552032,-0.005948906822595745,0.0100202635,0.7154457569122314
2181100,147,60,-4.826,410.25,415,0.48599166981875896,0.06494140625,0.0001,8490,0.2,-1.459445282816887,0.17496827244758606,-0.007125109346816316,0.0136963315,0.44921427965164185
2182124,147,61,-4.828,415.52,422,0.3231034902855754,0.003173828125,0.0001,8494,0.2,-1.4657991006970406,0.11428946256637573,-0.003172667697072029,0.002281353,0.5856625437736511
2183148,148,62,-4.825,433.29,428,0.1252661505714059,0.10888671875,0.0001,8498,0.2,-1.4765088930726051,0.020206131041049957,-0.005929955514147878,0.019390045,0.648513674736023
2184172,148,63,-4.816,436.5,435,0.19105965038761497,0.142333984375,0.0001,8502,0.2,-1.4721127673983574,0.023196663707494736,-0.005240902886725962,0.010411772,0.14313846826553345
2185196,148,64,-4.824,432.66,442,0.320972858928144,0.016357421875,0.0001,8506,0.2,-1.5270625948905945,0.09092040359973907,-0.004600994230713695,0.0028585682,0.47783374786376953
2186220,147,65,-4.826999999999999,429.56,451,0.17075664084404707,0.076416015625,0.0001,8510,0.2,-1.4587993696331978,0.04250390827655792,-0.005816364748170599,0.009777008,0.6796443462371826
2187244,147,66,-4.824999999999999,449.29,458,0.15326833399012685,0.055908203125,0.0001,8514,0.2,-1.4940994456410408,0.03639141470193863,-0.0032824073859956115,0.007513193,0.7173430919647217
2188268,147,67,-4.816999999999999,458.36,465,0.22137805726379156,0.065185546875,0.0001,8518,0.2,-1.5103128105401993,0.11943738162517548,-0.0047379361058119684,0.008846693,0.7056185007095337
2189292,147,68,-4.811999999999999,439.39,473,0.282139009796083,0.1318359375,0.0001,8522,0.2,-1.457656867802143,0.09092801064252853,-0.00822985399281606,0.013099819,0.6055971384048462
2190316,147,69,-4.811999999999999,405.9,480,0.25628665648400784,0.028564453125,0.0001,8526,0.2,-1.4058149084448814,0.03944651782512665,-0.002369840396568179,0.0039956532,0.7096803188323975
2191340,146,70,-4.813999999999999,423.86,487,0.3295013755559921,0.01806640625,0.0001,8530,0.2,-1.3702814877033234,0.11392086744308472,-0.007228124915855005,0.0055311946,0.6798929572105408
2192364,147,71,-4.819999999999999,403.53,494,0.2782413363456726,0.140869140625,0.0001,8534,0.2,-1.4222112447023392,0.14336809515953064,-0.002879283740185201,0.015417706,0.4462783932685852
2193388,147,72,-4.816999999999999,400.59,501,0.30483786668628454,0.0234375,0.0001,8538,0.2,-1.4062057510018349,0.13027894496917725,0.0003337699454277754,0.0091568325,0.7541319727897644
2194412,147,73,-4.819999999999999,383.81,508,0.2610360672697425,0.0380859375,0.0001,8542,0.2,-1.4792136773467064,0.057183608412742615,-0.002598459192086011,0.006041246,0.6015864610671997
2195436,147,74,-4.821,380.99,515,0.4204145595431328,0.052978515625,0.0001,8546,0.2,-1.4431091025471687,0.14206427335739136,-0.002321054897038266,0.008590143,0.24557799100875854
2196460,146,75,-4.821000000000001,370.86,522,0.2529231384396553,0.066162109375,0.0001,8550,0.2,-1.4889852404594421,0.10023432970046997,-0.0033998685248661786,0.011575067,0.36686402559280396
2197484,147,76,-4.819999999999999,371.42,529,0.31858852598816156,0.002685546875,0.0001,8554,0.2,-1.5113581791520119,0.1103380098938942,-0.002265539893414825,0.002028579,0.6257247924804688
2198508,146,77,-4.821,387.26,536,0.12607281608507037,0.050537109375,0.0001,8558,0.2,-1.4940877333283424,0.035009436309337616,-0.00730955367180286,0.011262193,0.5437325239181519
2199532,146,78,-4.818,377.57,544,0.17560565657913685,0.029541015625,0.0001,8562,0.2,-1.4913038238883018,0.060617364943027496,-0.0020326359663158655,0.009339847,0.04118537902832031
2200556,146,79,-4.8149999999999995,384.95,552,0.2717922190204263,0.055419921875,0.0001,8566,0.2,-1.5053358301520348,0.11737298220396042,-0.006366332585457712,0.009467408,0.3708809018135071
2201580,145,80,-4.813,397.28,561,0.1605324037373066,0.005126953125,0.0001,8570,0.2,-1.5156860947608948,0.014849647879600525,-0.002486777724698186,0.0027344762,0.2578713297843933
2202604,145,81,-4.812,402.51,569,0.07240174105390906,0.0009765625,0.0001,8574,0.2,-1.5344081297516823,-0.006610335782170296,-0.0034747979370877147,0.0018627327,0.8278700113296509
2203628,145,82,-4.812,402.51,578,0.1598950275219977,0.0048828125,0.0001,8578,0.2,-1.5422142371535301,0.05494827777147293,-0.005633614608086646,0.0031926478,0.6332887411117554
2204652,144,83,-4.81,413.37,586,0.02361544908490032,0.001953125,0.0001,8582,0.2,-1.5266321003437042,-0.018850427120923996,-0.003639446309534833,0.0043187984,0.044234395027160645
2205676,144,84,-4.808999999999999,433.06,593,0.17380765918642282,0.157470703125,0.0001,8586,0.2,-1.4939715638756752,0.029999269172549248,-0.007721816364210099,0.024865087,0.5918718576431274
2206700,144,85,-4.808999999999999,433.06,600,0.1920685558579862,0.009033203125,0.0001,8590,0.2,-1.4015156030654907,0.0244552344083786,-0.0025682598061393946,0.00835379,0.16257232427597046
2207724,145,86,-4.808999999999999,433.06,606,0.014686203503515571,0.05810546875,0.0001,8594,0.2,-1.3220607042312622,-0.019009824842214584,-0.00522573507623747,0.008138868,0.630348265171051
2208748,145,87,-4.808999999999999,433.06,613,0.009092466076253913,0.072265625,0.0001,8598,0.2,-1.412671610713005,-0.029239928349852562,-0.006519670394482091,0.016319577,0.2299896478652954
2209772,145,88,-4.811,433.06,620,0.002626923189382069,0.066650390625,0.0001,8602,0.2,-1.4996054992079735,-0.030383436009287834,-0.004601830500178039,0.009849494,0.9289388656616211
2210796,145,89,-4.809,452.19,626,0.14602087810635567,0.057861328125,0.0001,8606,0.2,-1.4834056049585342,0.023656226694583893,-0.002466774545609951,0.011199107,0.16272175312042236
2211820,145,90,-4.8069999999999995,434.42,632,0.19446019176393747,0.0009765625,0.0001,8610,0.2,-1.4814157038927078,0.04521241784095764,-0.0003119073517154902,0.0061264234,-0.05842995643615723
2212844,145,91,-4.811,433.3,639,0.17505306052044034,0.000244140625,0.0001,8614,0.2,-1.4982982277870178,0.041912663727998734,-0.001219121171743609,0.0051094587,0.04761546850204468
2213868,145,92,-4.811000000000001,451.8,646,0.3105844222009182,0.004638671875,0.0001,8618,0.2,-1.5235048234462738,0.16956579685211182,-0.004715680028311908,0.00652993,0.07108312845230103
2214892,145,93,-4.813,453.08,652,0.1851337025873363,0.10107421875,0.0001,8622,0.2,-1.4440428614616394,0.04893757775425911,-0.0011290448310319334,0.0147456955,-0.014723420143127441
2215916,146,94,-4.813,453.08,658,0.14400178543291986,0.0712890625,0.0001,8626,0.2,-1.4327485710382462,0.024816937744617462,-0.006596921157324687,0.0136191,0.17374128103256226
2216940,146,95,-4.81,472.83,665,0.003940451701055281,0.03369140625,0.0001,8630,0.2,-1.3856898173689842,-0.010794992558658123,-0.0005328988772816956,0.010238244,0.8111739158630371
2217964,146,96,-4.81,472.83,671,0.17898210184648633,0.13818359375,0.0001,8634,0.2,-1.419187217950821,0.13743236660957336,-0.0042165659833699465,0.012692242,-0.14296019077301025
2218988,146,97,-4.81,472.83,678,0.006741726479958743,0.078369140625,0.0001,8638,0.2,-1.4110300987958908,0.004409797955304384,-0.004776859714183956,0.016295236,0.04845571517944336
2220012,146,98,-4.81,471.13,684,0.002525322950532427,0.04443359375,0.0001,8642,0.2,-1.3278840407729149,-0.023100748658180237,-0.0029200042481534183,0.008353634,0.7373168468475342
2221036,146,99,-4.81,471.13,691,0.7618916742503643,0.078369140625,0.0001,8646,0.2,-1.2776572704315186,0.25455039739608765,-0.0008420462545473129,0.005154989,-0.05611824989318848
2222060,146,100,-4.806,498.01,697,0.0038858060725033283,0.01611328125,0.0001,8650,0.2,-1.339278295636177,-0.01927289552986622,-0.0017393598100170493,0.003556483,0.7567976117134094
2223084,146,101,-4.815,477.85,703,0.42891042679548264,0.118408203125,0.0001,8654,0.2,-1.2508890554308891,0.23294028639793396,-0.004200818104436621,0.014935777,0.11499029397964478
2224108,147,102,-4.815,477.85,710,0.30689665861427784,0.0029296875,0.0001,8658,0.2,-1.230608731508255,0.07072772085666656,-0.0035561271506594494,0.004247049,0.37443673610687256
2225132,147,103,-4.813,497.57,717,0.022751744952984154,0.033935546875,0.0001,8662,0.2,-1.3506067618727684,-0.01428972091525793,-0.0036344804684631526,0.009633288,0.6599701046943665
2226156,147,104,-4.813,497.57,723,0.1761532574892044,0.069091796875,0.0001,8666,0.2,-1.4070657044649124,0.0799650326371193,-0.006523056421428919,0.013434183,0.13163024187088013
2227180,147,105,-4.811000000000001,502.16,730,0.006505071316496469,0.023193359375,0.0001,8670,0.2,-1.4016676247119904,-0.008543027564883232,-0.0035700658918358386,0.0066503086,0.8269686698913574
2228204,147,106,-4.809,531.4,736,0.07491148263216019,0.002685546875,0.0001,8674,0.2,-1.4401246830821037,-0.017394080758094788,-0.007255355594679713,0.0039296793,0.7201050519943237
2229228,147,107,-4.813,529.6,743,0.4557771421968937,0.005859375,0.0001,8678,0.2,-1.4548093006014824,0.15489158034324646,-0.0017042506078723818,0.0052053602,0.3653002381324768
2230252,147,108,-4.811,550.41,749,0.13597714621573687,0.01513671875,0.0001,8682,0.2,-1.4385636746883392,0.012728851288557053,-0.00453010416822508,0.0060696504,0.31405729055404663
2231276,147,109,-4.811,538.91,756,0.3025524877011776,0.029052734375,0.0001,8686,0.2,-1.4859652444720268,0.08176064491271973,-0.0031062971684150398,0.0073437407,-0.04881441593170166
2232300,147,110,-4.819,530.0,762,0.394074784591794,0.03466796875,0.0001,8690,0.2,-1.4581725150346756,0.1489623785018921,-0.003659765381598845,0.007300189,0.5382623672485352
2233324,147,111,-4.813999999999999,544.14,769,0.36962683871388435,0.08837890625,0.0001,8694,0.2,-1.4391127154231071,0.17779582738876343,-0.006138358177850023,0.013276518,0.3752972483634949
2234348,147,112,-4.814,525.95,775,0.3354180883616209,0.01123046875,0.0001,8698,0.2,-1.460297331213951,0.13561157882213593,-0.0017959671095013618,0.0023248326,0.5425510406494141
2235372,147,113,-4.818,522.22,782,0.5605718791484833,0.004638671875,0.0001,8702,0.2,-1.4237749204039574,0.2998449206352234,-0.004004858201369643,0.0036290858,0.3740916848182678
2236396,147,114,-4.816,525.87,788,0.22901124507188797,0.004638671875,0.0001,8706,0.2,-1.430966317653656,0.07267949730157852,-0.0038840245688334107,0.0043331115,0.36955690383911133
2237420,148,115,-4.815,527.14,795,0.06032359995879233,0.005859375,0.0001,8710,0.2,-1.4322606399655342,-0.008071118965744972,-0.005436798703158274,0.005896003,0.8556123971939087
2238444,148,116,-4.816,527.72,801,0.16185214510187507,0.165771484375,0.0001,8714,0.2,-1.335166558623314,0.027319585904479027,-0.007564390049083158,0.016204024,0.5252608060836792
2239468,148,117,-4.813,537.78,808,0.038919905317015946,0.182861328125,0.0001,8718,0.2,-1.4158751145005226,-0.008030458353459835,-0.0048415426863357425,0.015827606,0.7737570405006409
2240492,148,118,-4.707,542.71,814,0.17323223315179348,0.014404296875,0.0001,8722,0.2,-1.386957809329033,0.031267471611499786,-0.006080019942601211,0.008740099,0.5972298383712769
2241516,148,119,-4.7090000000000005,547.1,820,0.27590552205219865,0.015869140625,0.0001,8726,0.2,-1.340166874229908,0.054028257727622986,-0.001421420689439401,0.0058426782,-0.35603272914886475
2242540,148,120,-4.707,555.41,827,0.3596557704731822,0.00830078125,0.0001,8730,0.2,-1.358217753469944,0.14660394191741943,-0.0017403522797394544,0.0034264696,0.02532869577407837
2243564,148,121,-4.707,555.41,833,0.4498079754412174,0.054443359375,0.0001,8734,0.2,-1.2623206749558449,0.13530048727989197,-0.0052281750831753016,0.00755073,0.12854993343353271
2244588,148,122,-4.707,555.41,840,0.01166063685377594,0.028564453125,0.0001,8738,0.2,-1.2187990546226501,-0.025213249027729034,-0.006219774120836519,0.008435576,0.7130593061447144
2245612,148,123,-4.710999999999999,555.04,847,0.003073425337788649,0.01806640625,0.0001,8742,0.2,-1.1664496287703514,-0.003860855707898736,-0.002706302038859576,0.012559355,0.44388657808303833
2246636,148,124,-4.712999999999999,553.54,853,0.09991251188330352,0.08154296875,0.0001,8746,0.2,-1.227306641638279,0.02556495927274227,-0.007330442749662325,0.0040711313,0.4362679123878479
2247660,148,125,-4.712999999999999,572.03,860,0.28211054764688015,0.005615234375,0.0001,8750,0.2,-1.1412735134363174,0.10611330717802048,-0.004577836720272899,0.0018753819,0.19810789823532104
2248684,148,126,-4.71,590.4,866,0.20527045521885157,0.0185546875,0.0001,8754,0.2,-1.1163380146026611,0.1189727634191513,-0.0007004339713603258,0.0058409586,0.13471072912216187
2249708,149,127,-4.71,590.4,872,0.2876790314912796,0.02978515625,0.0001,8758,0.2,-1.2456879988312721,0.1524750143289566,-0.008926643786253408,0.007102349,0.30011916160583496
2250732,149,128,-4.710999999999999,609.69,879,0.00889377341081854,0.0517578125,0.0001,8762,0.2,-1.2079273536801338,-0.019669286906719208,-0.003507691726554185,0.011757128,0.9085390567779541
2251756,149,129,-4.712,613.4,885,0.15326208621263504,0.01513671875,0.0001,8766,0.2,-1.1154108718037605,0.049417492002248764,-0.0023235732223838568,0.0049971053,-0.17928338050842285
2252780,149,130,-4.712,613.4,891,0.09793427563272417,0.001953125,0.0001,8770,0.2,-1.102260835468769,-0.00015156902372837067,-0.003259880089899525,0.0028362717,0.4449954628944397
2253804,149,131,-4.712,613.4,898,0.009145052477833815,0.008544921875,0.0001,8774,0.2,-1.1299226582050323,-0.019666042178869247,-0.004836795706069097,0.0016783709,0.794202446937561
