decision,raw_frames,x,y,max_x,action,action_name,prob_0,prob_1,prob_2,prob_3,prob_4,action_entropy_nats,native_reward,native_reward_sum,no_progress_decisions,life,game_time,flag_get,terminated,truncated
1,4,40,79,40,3,right+B,1.0501029379383908e-07,8.557941328035668e-06,5.8424075177754276e-06,0.9999568462371826,2.8630640372284688e-05,0.0005143698072060943,0.0,0.0,1,2,400,0,0,0
2,8,43,79,43,3,right+B,1.0304172093356101e-07,8.467941370327026e-06,5.835192041558912e-06,0.9999570846557617,2.8505482987384312e-05,0.0005121153080835938,3.0,3.0,0,2,400,0,0,0
3,12,47,79,47,3,right+B,1.0500455260853414e-07,8.635603080620058e-06,6.0594479691644665e-06,0.9999555349349976,2.975065217469819e-05,0.0005300743505358696,4.0,7.0,0,2,400,0,0,0
4,16,53,79,53,3,right+B,9.957751956335414e-08,8.247790901805274e-06,5.769335984950885e-06,0.999956488609314,2.9416974939522333e-05,0.0005185477784834802,6.0,13.0,0,2,400,0,0,0
5,20,60,79,60,3,right+B,1.0863695365515014e-07,8.510861334798392e-06,6.7919245338998735e-06,0.9999477863311768,3.6820485547650605e-05,0.0006102881161496043,6.0,19.0,0,2,399,0,0,0
6,24,70,79,70,3,right+B,9.791064314867981e-08,7.994534826138988e-06,6.600535016332287e-06,0.99994957447052,3.578479663701728e-05,0.0005910501349717379,10.0,29.0,0,2,399,0,0,0
7,28,81,79,81,3,right+B,1.081781633160972e-07,8.697642442712095e-06,7.82380720920628e-06,0.999942421913147,4.089171488885768e-05,0.0006654898752458394,11.0,40.0,0,2,399,0,0,0
8,32,93,79,93,3,right+B,1.1151906420536761e-07,8.895324754121248e-06,8.216613423428498e-06,0.999940037727356,4.269527562428266e-05,0.0006911020609550178,12.0,52.0,0,2,399,0,0,0
9,36,105,79,105,3,right+B,4.1823869878498954e-07,2.8853917683591135e-05,7.263766747200862e-05,0.9995599389076233,0.0003381712012924254,0.004143053200095892,12.0,64.0,0,2,399,0,0,0
10,40,117,79,117,3,right+B,9.020357538247481e-06,0.0003976495354436338,0.013141058385372162,0.902816116809845,0.08363614231348038,0.3599707782268524,11.0,75.0,0,2,398,0,0,0
11,44,129,97,129,2,right+A,4.54441533292993e-06,0.00010379305604146793,0.06824130564928055,0.008501015603542328,0.9231494069099426,0.2985638678073883,12.0,87.0,0,2,398,0,0,0
12,48,141,115,141,3,right+B,4.9982909331447445e-06,0.00010815718997037038,0.04045070335268974,0.013071779161691666,0.9463645219802856,0.23966829478740692,12.0,99.0,0,2,398,0,0,0
13,52,153,121,153,3,right+B,9.183601832774002e-06,0.0004351632378529757,0.007802202831953764,0.8442708849906921,0.1474824994802475,0.46654951572418213,12.0,111.0,0,2,398,0,0,0
14,56,165,114,165,3,right+B,9.808916274778312e-07,5.247871740721166e-05,0.0001767618377925828,0.9924485683441162,0.0073211160488426685,0.04557853564620018,12.0,123.0,0,2,398,0,0,0
15,60,177,94,177,3,right+B,2.8552094022415986e-07,1.4113583347352687e-05,1.3441779628919903e-05,0.9986221790313721,0.0013499680208042264,0.010609968565404415,11.0,134.0,0,2,397,0,0,0
16,64,189,79,189,3,right+B,1.4016247007475613e-07,7.108618774509523e-06,4.693279606726719e-06,0.9991388320922852,0.0008491674670949578,0.0070091672241687775,12.0,146.0,0,2,397,0,0,0
17,68,201,79,201,3,right+B,8.074466109064815e-07,1.7190957805723883e-05,5.860489545739256e-05,0.9702963829040527,0.029626987874507904,0.13428851962089539,12.0,158.0,0,2,397,0,0,0
18,72,213,97,213,4,right+A+B,7.99937083684199e-07,6.638434570049867e-06,0.004172974266111851,0.007141170557588339,0.9886783957481384,0.06950243562459946,12.0,170.0,0,2,397,0,0,0
19,76,225,117,225,4,right+A+B,5.8680814163381e-07,5.160708951734705e-06,0.016527781262993813,0.0026744636707007885,0.9807919859886169,0.10274586826562881,12.0,182.0,0,2,397,0,0,0
20,80,237,133,237,4,right+A+B,8.122810868371744e-08,5.683068593498319e-07,0.3032839894294739,6.6047118707501795e-06,0.6967087984085083,0.6137140989303589,11.0,193.0,0,2,396,0,0,0
21,84,249,147,249,4,right+A+B,2.6416355325409313e-08,1.4632772149525408e-07,0.10837206244468689,2.622842316668539e-07,0.8916274905204773,0.3431054353713989,12.0,205.0,0,2,396,0,0,0
22,88,261,156,261,4,right+A+B,2.410125432561472e-07,2.6995744519808795e-06,0.006550558377057314,6.783950084354728e-05,0.9933786392211914,0.0402262918651104,12.0,217.0,0,2,396,0,0,0
23,92,273,160,273,3,right+B,1.3738061852563987e-06,6.166812090668827e-05,8.785411046119407e-05,0.9830641150474548,0.01678498648107052,0.0868331640958786,12.0,229.0,0,2,396,0,0,0
24,96,285,152,285,3,right+B,1.1674075039991294e-08,8.890676781447837e-07,2.102642504553387e-08,0.9999967813491821,2.379121042395127e-06,4.664011794375256e-05,12.0,241.0,0,2,396,0,0,0
25,100,297,133,297,3,right+B,3.979732099423927e-08,1.5057237305882154e-06,1.4527424241350673e-07,0.9999816417694092,1.6651836631353945e-05,0.00022449097014032304,11.0,252.0,0,2,395,0,0,0
26,104,309,113,309,4,right+A+B,2.21648679143982e-06,6.685153039143188e-06,0.006445910781621933,0.0024777331855148077,0.9910673499107361,0.05638359487056732,12.0,264.0,0,2,395,0,0,0
27,108,321,93,321,3,right+B,5.181357209949056e-06,3.4821019653463736e-05,0.0005875845672562718,0.9232405424118042,0.0761319100856781,0.2745884656906128,12.0,276.0,0,2,395,0,0,0
28,112,333,90,333,3,right+B,5.264697620077641e-07,7.262106919370126e-06,4.000117041869089e-05,0.9986984729766846,0.0012536827707663178,0.010176336392760277,12.0,288.0,0,2,395,0,0,0
29,116,345,95,345,3,right+B,1.8222857534055947e-07,4.491578692977782e-06,3.8185331504791975e-05,0.9998134970664978,0.0001436719176126644,0.0019046871457248926,13.0,301.0,0,2,395,0,0,0
30,120,357,87,357,3,right+B,6.890223858135869e-08,2.665426563908113e-06,2.7727062843041494e-05,0.9999470710754395,2.2507208996103145e-05,0.0006196043686941266,11.0,312.0,0,2,394,0,0,0
31,124,369,79,369,3,right+B,1.1215790607366216e-07,4.836380867345724e-06,0.00012834153312724084,0.999777615070343,8.900128887034953e-05,0.0022632931359112263,12.0,324.0,0,2,394,0,0,0
32,128,381,79,381,3,right+B,1.023090590024367e-06,8.267024531960487e-05,0.010630154982209206,0.9851174354553223,0.004168698098510504,0.08671189099550247,12.0,336.0,0,2,394,0,0,0
33,132,393,97,393,2,right+A,3.3376190344824863e-07,2.6387662728666328e-05,0.8927522301673889,0.000618286372628063,0.10660267621278763,0.34477654099464417,12.0,348.0,0,2,394,0,0,0
34,136,405,117,405,2,right+A,2.427096079671287e-09,1.6767651800364547e-07,0.9394816160202026,1.790483139529897e-08,0.06051814928650856,0.22839359939098358,12.0,360.0,0,2,394,0,0,0
35,140,417,133,417,4,right+A+B,6.58329257774426e-09,3.876039045280777e-07,0.6957483291625977,1.0358785118569358e-07,0.304251104593277,0.6144311428070068,11.0,371.0,0,2,393,0,0,0
36,144,429,147,429,4,right+A+B,1.6121796875268046e-07,1.1811833246611059e-05,0.21159668266773224,0.0004236985114403069,0.7879676222801208,0.5198237895965576,12.0,383.0,0,2,393,0,0,0
37,148,441,154,441,3,right+B,6.178834155434743e-07,0.00010118131467606872,0.002511358819901943,0.938569962978363,0.05881688743829727,0.24212567508220673,12.0,395.0,0,2,393,0,0,0
38,152,453,150,453,3,right+B,6.199265989437208e-09,2.5488379833404906e-06,7.195239959401079e-07,0.9999802112579346,1.6595342458458617e-05,0.0002458048693370074,12.0,407.0,0,2,393,0,0,0
39,156,465,133,465,3,right+B,4.894911587172146e-09,2.7000105546903796e-06,3.55770254145682e-07,0.9999935626983643,3.37163533004059e-06,8.91553791007027e-05,12.0,419.0,0,2,393,0,0,0
40,160,477,113,477,3,right+B,7.480749353305782e-09,4.422417077876162e-06,6.833108727732906e-07,0.9999932050704956,1.6988648212645785e-06,9.360969852423295e-05,11.0,430.0,0,2,392,0,0,0
41,164,489,93,489,3,right+B,4.365179862020341e-08,1.4695311620016582e-05,7.218060090963263e-06,0.9999676942825317,1.0383980225014966e-05,0.0004013056168332696,12.0,442.0,0,2,392,0,0,0
42,168,501,79,501,3,right+B,1.0311674003560256e-07,2.6252322641084902e-05,2.4966118871816434e-05,0.9999219179153442,2.6772861019708216e-05,0.0009032157831825316,12.0,454.0,0,2,392,0,0,0
43,172,513,79,513,3,right+B,2.908416490754462e-06,0.00036261198692955077,0.0071243480779230595,0.984759509563446,0.007750561460852623,0.09092578291893005,12.0,466.0,0,2,392,0,0,0
44,176,525,97,525,4,right+A+B,1.1572678886295762e-06,4.8925739974947646e-05,0.23779048025608063,0.0007359105511568487,0.7614234685897827,0.5549026727676392,12.0,478.0,0,2,392,0,0,0
45,180,537,117,537,4,right+A+B,3.846044904776136e-08,7.05905620179692e-07,0.027562033385038376,8.495890710946696e-07,0.9724364280700684,0.12618637084960938,11.0,489.0,0,2,391,0,0,0
46,184,549,133,549,2,right+A,3.372356260911147e-08,6.973254471631662e-07,0.010080953128635883,1.4623715287598316e-06,0.9899168610572815,0.05640584975481033,12.0,501.0,0,2,391,0,0,0
47,188,561,147,561,4,right+A+B,2.263840457317201e-07,6.327642040560022e-06,0.008731251582503319,0.00011668638762785122,0.9911455512046814,0.05134466663002968,12.0,513.0,0,2,391,0,0,0
48,192,573,154,573,3,right+B,1.110299649553781e-06,7.861791527830064e-05,0.00016093702288344502,0.9807682633399963,0.018991122022271156,0.09648635983467102,12.0,525.0,0,2,391,0,0,0
49,196,585,150,585,3,right+B,1.4058707620279165e-06,8.394045289605856e-05,0.00024208730610553175,0.9512816667556763,0.048390943557024,0.19688323140144348,12.0,537.0,0,2,391,0,0,0
50,200,597,133,597,4,right+A+B,8.9075541609418e-07,4.1626699385233223e-05,0.0001552044996060431,0.9677796959877014,0.03202249854803085,0.14368847012519836,11.0,548.0,0,2,390,0,0,0
51,204,609,127,609,3,right+B,4.796504882165209e-08,3.981800546171144e-06,3.213655872968957e-06,0.9997648596763611,0.00022789972717873752,0.00223777093924582,12.0,560.0,0,2,390,0,0,0
52,208,621,127,621,3,right+B,2.736832982463966e-07,2.377232704020571e-05,0.0005865905550308526,0.9978598952293396,0.0015294987242668867,0.016675470396876335,12.0,572.0,0,2,390,0,0,0
53,212,633,145,633,2,right+A,1.546160603993485e-07,5.083349606138654e-06,0.9289422035217285,0.0004809428355656564,0.0705716609954834,0.2593045234680176,12.0,584.0,0,2,390,0,0,0
54,216,645,165,645,2,right+A,9.769657305369606e-10,1.1664376131648169e-08,0.9794666767120361,4.7941961511810405e-09,0.020533349364995956,0.10010804235935211,12.0,596.0,0,2,390,0,0,0
55,220,657,181,657,2,right+A,1.512088942945411e-08,1.4931656266981008e-07,0.6204312443733215,1.4619591581777058e-07,0.379568487405777,0.6638577580451965,11.0,607.0,0,2,389,0,0,0
56,224,669,195,669,4,right+A+B,4.3849331632372923e-07,7.3631949817354325e-06,0.04144856333732605,0.00047992574400268495,0.9580636620521545,0.1767486333847046,12.0,619.0,0,2,389,0,0,0
57,228,681,204,681,4,right+A+B,5.554664426199452e-07,9.777906598174013e-06,0.02987113781273365,0.0010525748366490006,0.9690659642219543,0.14266183972358704,12.0,631.0,0,2,389,0,0,0
58,232,693,210,693,4,right+A+B,1.5677998987939645e-07,1.990257487705094e-06,0.028337089344859123,5.812813833472319e-05,0.971602737903595,0.12956713140010834,12.0,643.0,0,2,389,0,0,0
59,236,705,213,705,4,right+A+B,1.8764487208500213e-07,1.5110229014680954e-06,0.013467023149132729,4.8401474487036467e-05,0.9864827990531921,0.07193887233734131,12.0,655.0,0,2,389,0,0,0
60,240,717,210,717,2,right+A,4.944344027535408e-07,3.5909636153519386e-06,0.032519616186618805,0.00018196851306129247,0.9672943949699402,0.14519327878952026,11.0,666.0,0,2,388,0,0,0
61,244,729,195,729,3,right+B,6.667047728114994e-06,4.734722097055055e-05,0.005898928735405207,0.09504551440477371,0.8990015983581543,0.35022735595703125,12.0,678.0,0,2,388,0,0,0
62,248,741,175,741,3,right+B,5.04940317114233e-07,6.525181561300997e-06,1.2639771739486605e-05,0.9981206059455872,0.0018596812151372433,0.013798321597278118,12.0,690.0,0,2,388,0,0,0
63,252,753,155,753,3,right+B,2.3707907814696227e-07,3.52194410879747e-06,2.7067987957707373e-06,0.9996893405914307,0.0003041530726477504,0.00285636680200696,12.0,702.0,0,2,388,0,0,0
64,256,765,143,765,3,right+B,1.6845079642280325e-07,2.9045336304989178e-06,3.495543523968081e-06,0.9998754262924194,0.00011804252426372841,0.0012761233374476433,12.0,714.0,0,2,388,0,0,0
65,260,777,138,777,3,right+B,5.717029580409871e-06,5.709774632123299e-05,0.0005750270211137831,0.9806791543960571,0.018683042377233505,0.09841117262840271,11.0,725.0,0,2,387,0,0,0
66,264,789,121,789,4,right+A+B,8.744324986764695e-06,4.6033608668949455e-05,0.062338609248399734,0.006356602068990469,0.9312500357627869,0.2720460891723633,12.0,737.0,0,2,387,0,0,0
67,268,801,101,801,4,right+A+B,1.2102838809369132e-05,5.993090962874703e-05,0.08186811208724976,0.020214170217514038,0.8978456854820251,0.381218820810318,12.0,749.0,0,2,387,0,0,0
68,272,813,98,813,3,right+B,1.3078445590508636e-05,0.00010887116513913497,0.014383060857653618,0.8077905774116516,0.1777043640613556,0.5415821075439453,12.0,761.0,0,2,387,0,0,0
69,276,825,103,825,3,right+B,1.7192103314300766e-06,2.1278921849443577e-05,0.0005185163463465869,0.991811990737915,0.007646508514881134,0.04959368333220482,13.0,774.0,0,2,387,0,0,0
70,280,837,94,837,3,right+B,9.658195665451785e-08,2.072808911179891e-06,4.854686721955659e-06,0.9998513460159302,0.00014171084330882877,0.0014926391886547208,11.0,785.0,0,2,386,0,0,0
71,284,849,79,849,3,right+B,2.189782719597133e-07,5.208873972151196e-06,3.0509499993058853e-05,0.9993298053741455,0.0006341938860714436,0.005723598413169384,12.0,797.0,0,2,386,0,0,0
72,288,861,97,861,4,right+A+B,1.6777397604528232e-06,2.028699964284897e-05,0.12018925696611404,0.002720240270718932,0.8770686388015747,0.3859984576702118,12.0,809.0,0,2,386,0,0,0
73,292,873,117,873,4,right+A+B,3.2351799461594055e-08,1.5500219774366997e-07,0.07003425061702728,1.192439214037222e-07,0.9299654960632324,0.2537328600883484,12.0,821.0,0,2,386,0,0,0
74,296,885,133,885,4,right+A+B,5.5833993428677786e-08,2.8991982503612235e-07,0.08495302498340607,1.5266472530583997e-07,0.9150464534759521,0.2907108664512634,12.0,833.0,0,2,386,0,0,0
75,300,897,147,897,2,right+A,2.778427415250917e-06,3.5169960028724745e-05,0.19596484303474426,0.0008015061030164361,0.8031957149505615,0.5015233159065247,11.0,844.0,0,2,385,0,0,0
76,304,909,154,909,3,right+B,9.167960342892911e-06,0.0003003320307470858,0.0027107156347483397,0.9289738535881042,0.06800588965415955,0.26981663703918457,12.0,856.0,0,2,385,0,0,0
77,308,921,150,921,3,right+B,7.711616376582242e-07,3.987387026427314e-05,6.526712968479842e-05,0.9982554316520691,0.001638695946894586,0.01329723745584488,12.0,868.0,0,2,385,0,0,0
78,312,933,143,933,3,right+B,1.3939073539859237e-07,1.2711538147414103e-05,5.171775683265878e-06,0.9998772144317627,0.00010467544780112803,0.001290772226639092,12.0,880.0,0,2,385,0,0,0
79,316,945,143,945,3,right+B,3.8257024925769656e-07,2.9207430998212658e-05,2.7897687687072903e-05,0.9996036887168884,0.0003388690238352865,0.0037072724662721157,12.0,892.0,0,2,385,0,0,0
80,320,957,135,957,3,right+B,4.1920472426681954e-07,2.661602593434509e-05,2.7342583052814007e-05,0.9993817806243896,0.0005638297880068421,0.0054092928767204285,11.0,903.0,0,2,384,0,0,0
81,324,969,116,969,3,right+B,1.3320369589564507e-06,4.432395871845074e-05,0.0001115220584324561,0.987878143787384,0.011964667588472366,0.06647873669862747,12.0,915.0,0,2,384,0,0,0
82,328,981,96,981,4,right+A+B,6.2016247284191195e-06,9.836653043748811e-05,0.008715789765119553,0.3807479739189148,0.6104316711425781,0.7112768888473511,12.0,927.0,0,2,384,0,0,0
83,332,993,79,993,3,right+B,1.1276212035227218e-06,2.675394352991134e-05,0.0011981958523392677,0.9875392913818359,0.011234672740101814,0.07116962969303131,12.0,939.0,0,2,384,0,0,0
84,336,1005,97,1005,4,right+A+B,8.456324280814442e-07,1.2298126421228517e-05,0.7963318228721619,0.0008254816057160497,0.2028295397758484,0.5109596252441406,12.0,951.0,0,2,384,0,0,0
85,340,1017,117,1017,2,right+A,6.539159613794254e-08,6.022712000230968e-07,0.6108106970787048,8.102574611257296e-07,0.3891878128051758,0.6684051156044006,11.0,962.0,0,2,383,0,0,0
86,344,1029,129,1029,4,right+A+B,1.5216133419926337e-07,1.4591163335353485e-06,0.10661917924880981,2.9747809549007798e-06,0.8933762311935425,0.3394521176815033,12.0,974.0,0,2,383,0,0,0
87,348,1041,121,1041,4,right+A+B,3.0815638183412375e-06,6.3153805967886e-05,0.026481198146939278,0.006171674467623234,0.9672808647155762,0.1603897660970688,12.0,986.0,0,2,383,0,0,0
88,352,1053,101,1053,3,right+B,5.77493381115346e-07,3.1690840842202306e-05,1.00522465800168e-05,0.9991457462310791,0.0008119805715978146,0.007084117271006107,12.0,998.0,0,2,383,0,0,0
89,356,1065,81,1065,3,right+B,9.673475460658665e-07,4.05728533223737e-05,2.3314876671065576e-05,0.9972468614578247,0.002688395557925105,0.019333956763148308,12.0,1010.0,0,2,383,0,0,0
90,360,1077,97,1077,4,right+A+B,3.9363731048069894e-06,3.054270928259939e-05,0.016005603596568108,0.0017865070840343833,0.9821733236312866,0.09551746398210526,11.0,1021.0,0,2,382,0,0,0
91,364,1089,117,1089,4,right+A+B,4.663619620259851e-06,3.073694460908882e-05,0.01832045242190361,0.0019617315847426653,0.9796823859214783,0.10599272698163986,12.0,1033.0,0,2,382,0,0,0
92,368,1101,133,1101,4,right+A+B,1.6746628261898877e-06,1.1754447768907994e-05,0.04926951602101326,0.00021277787163853645,0.9505041837692261,0.19852830469608307,12.0,1045.0,0,2,382,0,0,0
93,372,1113,147,1113,2,right+A,2.3521840830653673e-06,1.9689563487190753e-05,0.1621822863817215,0.0004626710433512926,0.8373330235481262,0.4474664032459259,12.0,1057.0,0,2,382,0,0,0
94,376,1125,156,1125,2,right+A,1.1947315670113312e-06,1.0498063602426555e-05,0.35075172781944275,0.0003241260419599712,0.6489124298095703,0.6508421897888184,12.0,1069.0,0,2,382,0,0,0
95,380,1137,162,1137,4,right+A+B,8.011078307390562e-07,9.05711294763023e-06,0.04210701212286949,0.0013374431291595101,0.9565457701683044,0.18483787775039673,11.0,1080.0,0,2,381,0,0,0
96,384,1149,165,1149,4,right+A+B,1.2095504189346684e-06,2.910363946284633e-05,0.011150635778903961,0.015130150131881237,0.9736889600753784,0.1398298144340515,12.0,1092.0,0,2,381,0,0,0
97,388,1161,162,1161,4,right+A+B,3.997258488652733e-07,1.259055807167897e-05,0.01540119107812643,0.0012109336676076055,0.9833749532699585,0.08904089033603668,12.0,1104.0,0,2,381,0,0,0
98,392,1173,147,1173,4,right+A+B,3.305234940853552e-06,0.00019437387527432293,0.048464879393577576,0.13955672085285187,0.8117807507514954,0.5925054550170898,12.0,1116.0,0,2,381,0,0,0
99,396,1185,127,1185,3,right+B,1.798178459466726e-06,0.00013513138401322067,0.004027400631457567,0.9424124360084534,0.053423233330249786,0.2358379065990448,12.0,1128.0,0,2,381,0,0,0
100,400,1197,107,1197,3,right+B,1.6746999165206944e-07,1.9356566554051824e-05,7.76174565544352e-05,0.9993776679039001,0.000525302195455879,0.005536430515348911,11.0,1139.0,0,2,380,0,0,0
101,404,1209,87,1209,3,right+B,7.979541472025176e-09,1.4135413266558317e-06,2.3416424710376305e-07,0.999996542930603,1.7566324004292255e-06,4.9857175326906145e-05,12.0,1151.0,0,2,380,0,0,0
102,408,1221,79,1221,3,right+B,7.833945159241296e-10,3.00555655030621e-07,1.2001595273147814e-08,0.9999996423721313,2.5074040621575477e-08,5.187779152038274e-06,12.0,1163.0,0,2,380,0,0,0
103,412,1233,79,1233,3,right+B,2.527424658449462e-10,1.6917131517857342e-07,2.390988962375218e-09,0.9999998807907104,1.9985348931328417e-09,2.730861524469219e-06,12.0,1175.0,0,2,380,0,0,0
104,416,1245,79,1245,3,right+B,2.0998572325403586e-10,1.8185086503308412e-07,2.315035718680747e-09,0.9999997615814209,8.611047985773723e-10,2.8910244509461336e-06,12.0,1187.0,0,2,380,0,0,0
105,420,1257,79,1257,3,right+B,9.410904278084331e-10,5.961907731943938e-07,2.7073927100218498e-08,0.9999994039535522,4.1878704948317136e-09,1.0070803000417072e-05,11.0,1198.0,0,2,379,0,0,0
106,424,1269,79,1269,3,right+B,2.01941769972791e-08,9.128704732574988e-06,4.704421826318139e-06,0.9999858140945435,2.994731573835452e-07,0.00018280063522979617,12.0,1210.0,0,2,379,0,0,0
107,428,1281,79,1281,3,right+B,1.4070568568058661e-06,0.00047138798981904984,0.017708146944642067,0.9810540080070496,0.0007650656043551862,0.09931481629610062,12.0,1222.0,0,2,379,0,0,0
108,432,1293,97,1293,2,right+A,1.3600862303064787e-07,2.805900658131577e-05,0.9048882126808167,6.671850860584527e-05,0.09501686692237854,0.3150172829627991,12.0,1234.0,0,2,379,0,0,0
109,436,1305,117,1305,2,right+A,3.3727045600784322e-09,3.996673285655561e-07,0.5510299801826477,2.483341532411032e-08,0.44896963238716125,0.6879367232322693,12.0,1246.0,0,2,379,0,0,0
110,440,1317,133,1317,4,right+A+B,3.945919979653212e-10,3.4697215767209855e-08,0.11544142663478851,8.616807822825479e-10,0.8845586180686951,0.3577432930469513,11.0,1257.0,0,2,378,0,0,0
111,444,1329,147,1329,4,right+A+B,6.609818248293209e-10,5.0798028894405434e-08,0.02815849334001541,3.6993674790153364e-09,0.9718414545059204,0.12828238308429718,12.0,1269.0,0,2,378,0,0,0
112,448,1341,156,1341,4,right+A+B,4.222295402200871e-08,3.976080279244343e-06,0.01917300932109356,1.604504359420389e-05,0.9808070063591003,0.09504986554384232,12.0,1281.0,0,2,378,0,0,0
113,452,1353,162,1353,4,right+A+B,6.823043463555223e-08,4.5676833906327374e-06,0.009269769303500652,3.69096924259793e-05,0.990688681602478,0.05309375002980232,12.0,1293.0,0,2,378,0,0,0
114,456,1365,165,1365,4,right+A+B,5.956526365480386e-07,4.2160630982834846e-05,0.012509993277490139,0.0037687146104872227,0.9836785197257996,0.09246321022510529,12.0,1305.0,0,2,378,0,0,0
115,460,1377,162,1377,3,right+B,3.637113877630327e-06,0.0003572834248188883,0.020625054836273193,0.42125990986824036,0.5577541589736938,0.7727512121200562,11.0,1316.0,0,2,377,0,0,0
116,464,1389,147,1389,3,right+B,3.025485511898296e-06,0.0003766983572859317,0.038165383040905,0.8173857927322388,0.14406906068325043,0.5715991258621216,12.0,1328.0,0,2,377,0,0,0
117,468,1401,127,1401,2,right+A,1.931859287651605e-06,0.0001729524228721857,0.6655521988868713,0.043139681220054626,0.29113322496414185,0.7673479318618774,12.0,1340.0,0,2,377,0,0,0
118,472,1413,107,1413,4,right+A+B,3.241720207824983e-07,1.7968348402064294e-05,0.7504076361656189,0.0004784224438481033,0.24909572303295135,0.5655526518821716,12.0,1352.0,0,2,377,0,0,0
119,476,1425,87,1425,4,right+A+B,6.099045322116581e-07,3.074904816458002e-05,0.1336214691400528,0.004454582463949919,0.861892580986023,0.42148861289024353,12.0,1364.0,0,2,377,0,0,0
120,480,1437,79,1437,3,right+B,8.791694199317135e-07,9.31034519453533e-05,0.002696829382330179,0.9350254535675049,0.06218379735946655,0.25237199664115906,11.0,1375.0,0,2,376,0,0,0
121,484,1449,79,1449,3,right+B,1.730988685721968e-08,4.042637556267437e-06,8.208508006646298e-06,0.9998781681060791,0.00010958370694424957,0.00126796739641577,12.0,1387.0,0,2,376,0,0,0
122,488,1461,79,1461,3,right+B,2.480592398157455e-09,6.108979277996696e-07,4.4862716208626807e-07,0.9999974966049194,1.4618178738601273e-06,3.784945511142723e-05,12.0,1399.0,0,2,376,0,0,0
123,492,1473,79,1473,3,right+B,4.066946779346381e-09,6.386750897036109e-07,7.903856840130175e-07,0.9999964237213135,2.204344355050125e-06,5.2820509154116735e-05,12.0,1411.0,0,2,376,0,0,0
124,496,1485,79,1485,3,right+B,1.7172922071040375e-06,0.00010941923392238095,0.019963037222623825,0.9379550814628601,0.041970692574977875,0.2723124027252197,12.0,1423.0,0,2,376,0,0,0
125,500,1497,97,1497,4,right+A+B,2.804987389026792e-07,5.344775672710966e-06,0.22715680301189423,5.404790863394737e-05,0.7727835774421692,0.5364624261856079,11.0,1434.0,0,2,375,0,0,0
126,504,1509,117,1509,4,right+A+B,1.2276575489522656e-07,1.1255626759520965e-06,0.05273442715406418,1.1854493777718744e-06,0.947263240814209,0.20652495324611664,19.0,1453.0,0,2,375,0,0,0
127,508,1521,110,1521,4,right+A+B,3.2526531867915764e-07,2.229578740298166e-06,0.014197451062500477,4.486947091209004e-06,0.9857954978942871,0.07459825277328491,12.0,1465.0,0,2,375,0,0,0
128,512,1533,90,1533,4,right+A+B,3.6681362871604506e-06,3.074346386711113e-05,0.007020414806902409,0.0018673425074666739,0.9910777807235718,0.05579424649477005,12.0,1477.0,0,2,375,0,0,0
129,516,1545,101,1545,3,right+B,1.0393348020443227e-05,0.000151479325722903,0.0006873611127957702,0.8864238858222961,0.1127268373966217,0.3593835234642029,12.0,1489.0,0,2,375,0,0,0
130,520,1557,99,1557,3,right+B,9.41342420901492e-07,1.8906088371295482e-05,2.5900599212036468e-05,0.998538613319397,0.0014156772522255778,0.011240077205002308,12.0,1501.0,0,2,374,0,0,0
131,524,1569,84,1569,3,right+B,9.881072315920392e-08,2.29817533181631e-06,1.0393312095402507e-06,0.999962329864502,3.4311542549403384e-05,0.00043661994277499616,12.0,1513.0,0,2,374,0,0,0
132,528,1581,79,1581,3,right+B,1.0851910303699697e-07,2.657384811755037e-06,1.6625763237243518e-06,0.9999610185623169,3.45278785971459e-05,0.0004518100759014487,12.0,1525.0,0,2,374,0,0,0
133,532,1593,79,1593,3,right+B,1.3849783542241312e-08,5.31510465862084e-07,9.546194945642128e-08,0.9999973773956299,2.0411091554706218e-06,3.907639620592818e-05,12.0,1537.0,0,2,374,0,0,0
134,536,1605,79,1605,3,right+B,1.6471705777121315e-08,6.403072916327801e-07,9.864982075669104e-08,0.9999977350234985,1.5394592765005655e-06,3.3529802749399096e-05,12.0,1549.0,0,2,374,0,0,0
135,540,1617,79,1617,3,right+B,9.630445418906675e-08,3.603178129196749e-06,1.5761698932692525e-06,0.9999837875366211,1.0921491593762767e-05,0.00020876327471341938,11.0,1560.0,0,2,373,0,0,0
136,544,1629,79,1629,3,right+B,2.8450097033783095e-06,9.78621537797153e-05,0.0007558534271083772,0.9983696341514587,0.0007738046115264297,0.013545369729399681,12.0,1572.0,0,2,373,0,0,0
137,548,1641,97,1641,4,right+A+B,7.216356607386842e-06,0.00010804522753460333,0.7989444732666016,0.0011097703827545047,0.19983042776584625,0.5097410678863525,12.0,1584.0,0,2,373,0,0,0
138,552,1653,117,1653,2,right+A,1.5893434692770825e-06,1.847364183049649e-05,0.7997005581855774,4.006317612947896e-05,0.20023930072784424,0.5014088749885559,12.0,1596.0,0,2,373,0,0,0
139,556,1665,133,1665,2,right+A,3.850431312457658e-06,4.744681064039469e-05,0.5371145009994507,0.0004923176020383835,0.46234190464019775,0.6947841644287109,12.0,1608.0,0,2,373,0,0,0
140,560,1677,147,1677,4,right+A+B,1.4344367627927568e-05,0.0003537704178597778,0.27483248710632324,0.024080224335193634,0.7007190585136414,0.6968843936920166,11.0,1619.0,0,2,372,0,0,0
141,564,1689,156,1689,4,right+A+B,4.939010523230536e-06,0.00031243517878465354,0.00151809339877218,0.986835241317749,0.011329269036650658,0.07627199590206146,12.0,1631.0,0,2,372,0,0,0
142,568,1701,160,1701,3,right+B,4.259658936689448e-08,6.9852371780143585e-06,4.13378558050681e-07,0.9999896287918091,2.8794877380278194e-06,0.00013695238158106804,12.0,1643.0,0,2,372,0,0,0
143,572,1713,152,1713,3,right+B,7.292331183350598e-09,1.5628738765371963e-06,3.632941059095174e-08,0.9999980926513672,2.902623634781776e-07,2.792952727759257e-05,12.0,1655.0,0,2,372,0,0,0
144,576,1725,133,1725,3,right+B,3.1927283039578924e-09,5.046678097642143e-07,8.544901675122674e-09,0.9999994039535522,1.4589996055747179e-07,1.0788756299007218e-05,12.0,1667.0,0,2,372,0,0,0
145,580,1730,113,1730,3,right+B,2.563133172373e-08,2.273482095915824e-06,2.1397742955286958e-07,0.999994158744812,3.382971499377163e-06,8.161270670825616e-05,4.0,1671.0,0,2,371,0,0,0
146,584,1731,93,1731,3,right+B,4.6439564016509394e-07,1.5811270714038983e-05,2.393102113273926e-05,0.9995843768119812,0.00037543760845437646,0.0038130590692162514,1.0,1672.0,0,2,371,0,0,0
147,588,1734,79,1734,3,right+B,9.919503440869448e-08,3.658195737443748e-06,2.3256698113982566e-06,0.9999779462814331,1.5886143955867738e-05,0.00027503925957717,3.0,1675.0,0,2,371,0,0,0
148,592,1738,79,1738,3,right+B,8.775106152825174e-08,3.887488674081396e-06,2.4376422516070306e-06,0.9999887943267822,4.7570947572239675e-06,0.00015110676758922637,4.0,1679.0,0,2,371,0,0,0
149,596,1744,79,1744,3,right+B,7.899939902245023e-08,3.3441235700593097e-06,1.7874965578812407e-06,0.9999914169311523,3.4191073154943297e-06,0.00011872896720888093,6.0,1685.0,0,2,371,0,0,0
150,600,1752,79,1752,3,right+B,2.2108984865099046e-07,8.600569344707765e-06,1.451198841095902e-05,0.999958872795105,1.7781205315259285e-05,0.0005008596926927567,7.0,1692.0,0,2,370,0,0,0
151,604,1762,79,1762,3,right+B,9.20092304568243e-07,3.231661321478896e-05,0.0002679653698578477,0.9995494484901428,0.0001493030140409246,0.004317036829888821,10.0,1702.0,0,2,370,0,0,0
152,608,1773,97,1773,2,right+A,3.4598328966239933e-06,7.271803042385727e-05,0.9349076747894287,0.004754266235977411,0.06026189401745796,0.25837090611457825,11.0,1713.0,0,2,370,0,0,0
153,612,1785,117,1785,2,right+A,7.797084577987334e-08,9.426698852621485e-07,0.9297561645507812,5.432505076896632e-07,0.0702422708272934,0.2542889714241028,19.0,1732.0,0,2,370,0,0,0
154,616,1797,110,1797,2,right+A,2.952522315524675e-08,2.684552669052209e-07,0.607451856136322,1.0215054579987282e-08,0.3925478458404541,0.6698793768882751,12.0,1744.0,0,2,370,0,0,0
155,620,1809,90,1809,4,right+A+B,1.476904998298778e-07,1.6452614772788365e-06,0.03276586905121803,5.221671699473518e-07,0.967231810092926,0.1442634016275406,11.0,1755.0,0,2,369,0,0,0
156,624,1821,101,1821,4,right+A+B,1.9690365661517717e-05,0.0005796995828859508,0.008800960145890713,0.06516557931900024,0.9254341721534729,0.2958575487136841,12.0,1767.0,0,2,369,0,0,0
157,628,1833,99,1833,3,right+B,7.0146704445051e-08,7.983100658748299e-06,9.707581938300791e-08,0.999981164932251,1.0645732800185215e-05,0.00023740067263133824,13.0,1780.0,0,2,369,0,0,0
158,632,1845,84,1845,3,right+B,3.540664295087481e-08,3.2303764783137012e-06,3.5579070356561715e-08,0.9999942779541016,2.4659150312800193e-06,7.962329254951328e-05,12.0,1792.0,0,2,369,0,0,0
159,636,1857,79,1857,3,right+B,1.1019146768376231e-06,3.069777085329406e-05,1.338339461653959e-05,0.9995201826095581,0.00043465293128974736,0.004328388720750809,12.0,1804.0,0,2,369,0,0,0
160,640,1869,79,1869,3,right+B,2.852994214208593e-07,8.61879379954189e-06,3.20177400681132e-06,0.9999402761459351,4.7672525397501886e-05,0.0006797908572480083,11.0,1815.0,0,2,368,0,0,0
161,644,1881,79,1881,3,right+B,5.356891961127985e-07,2.047695488727186e-05,2.7826781661133282e-05,0.9998310804367065,0.00012001106370007619,0.0017729209503158927,12.0,1827.0,0,2,368,0,0,0
162,648,1893,79,1893,3,right+B,8.364773975699791e-07,4.99648813274689e-05,0.00013066733663436025,0.9997329115867615,8.568678458686918e-05,0.00274450471624732,12.0,1839.0,0,2,368,0,0,0
163,652,1905,79,1905,3,right+B,7.125884167180629e-07,6.042943277861923e-05,0.00029840614297427237,0.9995898604393005,5.0587561418069527e-05,0.00392959313467145,12.0,1851.0,0,2,368,0,0,0
164,656,1917,79,1917,3,right+B,4.799434009328252e-06,0.00046348775504156947,0.009011168964207172,0.9896083474159241,0.0009121624752879143,0.06277543306350708,12.0,1863.0,0,2,368,0,0,0
165,660,1929,97,1929,2,right+A,4.12220924772555e-06,0.0004022889770567417,0.972435712814331,0.009747958742082119,0.017409855499863625,0.14603939652442932,11.0,1874.0,0,2,367,0,0,0
166,664,1941,117,1941,2,right+A,4.118923513374284e-08,3.859379830828402e-06,0.995630145072937,1.3527259170587058e-06,0.004364617168903351,0.028145533055067062,12.0,1886.0,0,2,367,0,0,0
167,668,1953,133,1953,2,right+A,1.144555383802981e-08,8.812730811769143e-07,0.9906210899353027,7.836938209493383e-08,0.009377947077155113,0.05313798785209656,12.0,1898.0,0,2,367,0,0,0
168,672,1965,147,1965,2,right+A,1.5546307352565236e-08,7.628600542375352e-07,0.8961001038551331,4.2649705989106224e-08,0.1038990318775177,0.3335789442062378,12.0,1910.0,0,2,367,0,0,0
169,676,1977,156,1977,2,right+A,5.833444305380908e-08,2.274329972351552e-06,0.43129250407218933,1.209039339755691e-07,0.568705141544342,0.6837096214294434,12.0,1922.0,0,2,367,0,0,0
170,680,1989,162,1989,4,right+A+B,2.7770011001848616e-07,9.10707331058802e-06,0.0795103907585144,1.5829433550607064e-06,0.9204786419868469,0.27771297097206116,11.0,1933.0,0,2,366,0,0,0
171,684,2001,165,2001,4,right+A+B,3.1852580377744744e-06,0.00011959387484239414,0.029526321217417717,0.0002674299757927656,0.9700834155082703,0.13679057359695435,12.0,1945.0,0,2,366,0,0,0
172,688,2013,162,2013,3,right+B,6.398089226422599e-06,0.0007389634265564382,0.00017829945136327296,0.9943925738334656,0.004683778155595064,0.037657685577869415,12.0,1957.0,0,2,366,0,0,0
173,692,2025,147,2025,3,right+B,7.5569445812107e-08,1.75720670085866e-05,2.3928566861286527e-07,0.9999796152114868,2.5193312467308715e-06,0.00024979206500574946,12.0,1969.0,0,2,366,0,0,0
174,696,2037,127,2037,3,right+B,4.82633355503026e-09,1.2147955885666306e-06,7.411512292776479e-09,0.9999988079071045,3.6336025743821665e-08,1.8353943232796155e-05,12.0,1981.0,0,2,366,0,0,0
175,700,2049,107,2049,3,right+B,1.7022301346258928e-09,4.320260700296785e-07,5.279535031377236e-09,0.9999995231628418,1.8220834618887238e-08,6.790950465074275e-06,11.0,1992.0,0,2,365,0,0,0
176,704,2061,87,2061,3,right+B,1.2355290124332896e-08,2.005377382374718e-06,1.43667563179406e-07,0.9999973773956299,4.2269519440196746e-07,3.786323213716969e-05,12.0,2004.0,0,2,365,0,0,0
177,708,2073,79,2073,3,right+B,7.272531661328685e-07,6.591417331947014e-05,5.787727059214376e-05,0.9993498921394348,0.0005255591822788119,0.005828069522976875,12.0,2016.0,0,2,365,0,0,0
178,712,2085,97,2085,4,right+A+B,1.327554855379276e-06,5.334337038220838e-05,0.031016191467642784,0.0002675238938536495,0.9686616659164429,0.14131243526935577,12.0,2028.0,0,2,365,0,0,0
179,716,2097,117,2097,4,right+A+B,7.95541268416855e-08,1.791485487956379e-06,0.009649494662880898,1.5720820556452964e-07,0.9903483390808105,0.05441458150744438,12.0,2040.0,0,2,365,0,0,0
180,720,2109,133,2109,4,right+A+B,8.779394988778222e-08,1.441478957531217e-06,0.004658059682697058,4.113297080721168e-08,0.9953403472900391,0.02967974543571472,11.0,2051.0,0,2,364,0,0,0
181,724,2121,147,2121,4,right+A+B,6.042329658839662e-08,7.476570544895367e-07,0.003093903185799718,6.999588908485066e-09,0.9969052672386169,0.020979100838303566,12.0,2063.0,0,2,364,0,0,0
182,728,2133,156,2133,4,right+A+B,4.717371027140871e-08,3.8177358874236234e-07,0.0020065908320248127,2.908082885610952e-09,0.9979931116104126,0.014475428499281406,12.0,2075.0,0,2,364,0,0,0
183,732,2145,162,2145,4,right+A+B,9.289625779729249e-08,6.346848522298387e-07,0.0013015419244766235,3.4638720336488404e-08,0.9986976385116577,0.009959890507161617,12.0,2087.0,0,2,364,0,0,0
184,736,2157,165,2157,4,right+A+B,2.520367843317217e-06,2.9326629373827018e-05,0.005328188184648752,3.2776086300145835e-05,0.9946072697639465,0.03394688665866852,12.0,2099.0,0,2,364,0,0,0
185,740,2169,162,2169,4,right+A+B,2.0197649064357392e-05,0.0002905868168454617,0.036351244896650314,0.004687586799263954,0.9586504101753235,0.18869325518608093,11.0,2110.0,0,2,363,0,0,0
186,744,2181,147,2181,3,right+B,5.1573338168964256e-06,0.00010631450277287513,0.00026979739777743816,0.9908978343009949,0.008720931597054005,0.05366814136505127,12.0,2122.0,0,2,363,0,0,0
187,748,2193,161,2193,4,right+A+B,5.833041996083921e-06,2.489014877937734e-05,0.01798354461789131,0.0011595827527344227,0.9808261394500732,0.09942469000816345,12.0,2134.0,0,2,363,0,0,0
188,752,2205,181,2205,2,right+A,1.7538418433105107e-06,5.204779427003814e-06,0.04783250018954277,1.5239684216794558e-05,0.9521453380584717,0.1923595666885376,12.0,2146.0,0,2,363,0,0,0
189,756,2217,196,2217,3,right+B,4.938280471833423e-05,0.0006627088878303766,0.0019609190057963133,0.9368601441383362,0.06046689301729202,0.24831795692443848,12.0,2158.0,0,2,363,0,0,0
190,760,2229,198,2229,3,right+B,1.9854712718370138e-06,4.6679724619025365e-05,1.8706741684582084e-05,0.9995935559272766,0.0003390829951968044,0.003810345660895109,11.0,2169.0,0,2,362,0,0,0
191,764,2241,187,2241,3,right+B,3.5681267036125064e-05,0.00045654427958652377,0.0033930239733308554,0.9664633274078369,0.029651379212737083,0.1604587584733963,12.0,2181.0,0,2,362,0,0,0
192,768,2253,168,2253,4,right+A+B,0.00016916231834329665,0.0011212864192202687,0.0747099369764328,0.35734230279922485,0.5666574239730835,0.892483115196228,12.0,2193.0,0,2,362,0,0,0
193,772,2265,148,2265,4,right+A+B,0.0001351658283965662,0.0009950719540938735,0.4099528193473816,0.023342784494161606,0.5655741095542908,0.7836814522743225,12.0,2205.0,0,2,362,0,0,0
194,776,2277,128,2277,4,right+A+B,3.2889831345528364e-05,0.0001222110295202583,0.3806227147579193,0.00032130847102962434,0.6189008951187134,0.668641209602356,12.0,2217.0,0,2,362,0,0,0
195,780,2289,108,2289,3,right+B,0.0002536684332881123,0.0022035136353224516,0.01827099174261093,0.9354163408279419,0.04385539889335632,0.2882903814315796,11.0,2228.0,0,2,361,0,0,0
196,784,2301,95,2301,3,right+B,4.715155682788463e-06,4.981054371455684e-05,1.6719341147108935e-05,0.9996767044067383,0.0002521159185562283,0.003147340379655361,12.0,2240.0,0,2,361,0,0,0
197,788,2313,90,2313,3,right+B,3.1879908419796266e-06,2.7485279133543372e-05,2.6893465019384166e-06,0.999886155128479,8.045043796300888e-05,0.0012354387436062098,12.0,2252.0,0,2,361,0,0,0
198,792,2325,79,2325,3,right+B,2.274519829370547e-06,1.5661025827284902e-05,1.6745990478739259e-06,0.9998888969421387,9.154684084933251e-05,0.0011879359371960163,12.0,2264.0,0,2,361,0,0,0
199,796,2337,97,2337,4,right+A+B,1.2336695363046601e-05,1.3500737622962333e-05,0.0040395441465079784,7.416248263325542e-05,0.9958605170249939,0.027391331270337105,12.0,2276.0,0,2,361,0,0,0
200,800,2349,117,2349,4,right+A+B,4.563988568406785e-06,4.425852239364758e-06,0.01881610043346882,1.157298584075761e-06,0.9811737537384033,0.09353163838386536,11.0,2287.0,0,2,360,0,0,0
201,804,2361,133,2361,4,right+A+B,3.89629349228926e-06,3.7191034607531037e-06,0.028340155258774757,2.645727192884806e-07,0.9716520309448242,0.12903083860874176,12.0,2299.0,0,2,360,0,0,0
202,808,2373,147,2373,4,right+A+B,1.6868365491973236e-05,2.832391874107998e-05,0.010044063441455364,2.5602344976505265e-05,0.9898850917816162,0.057026952505111694,12.0,2311.0,0,2,360,0,0,0
203,812,2385,154,2385,3,right+B,7.434809231199324e-05,0.0005873837508261204,0.0002097293472616002,0.9890167713165283,0.010111799463629723,0.0642300546169281,12.0,2323.0,0,2,360,0,0,0
204,816,2397,150,2397,3,right+B,3.3590720249776496e-06,4.248295954312198e-05,3.7360787246143445e-06,0.9998757839202881,7.461433415301144e-05,0.0013497150503098965,12.0,2335.0,0,2,360,0,0,0
205,820,2409,143,2409,3,right+B,8.433218681602739e-06,8.084058936219662e-05,2.0897236026939936e-05,0.9994827508926392,0.0004071401199325919,0.00478133512660861,11.0,2346.0,0,2,359,0,0,0
206,824,2421,143,2421,3,right+B,5.044401768827811e-05,0.0002613784745335579,0.0002271846606163308,0.9837101697921753,0.015750886872410774,0.08609774708747864,12.0,2358.0,0,2,359,0,0,0
207,828,2433,161,2433,4,right+A+B,0.00016319927817676216,0.0004888068069703877,0.053694069385528564,0.004159573931246996,0.941494345664978,0.24173948168754578,12.0,2370.0,0,2,359,0,0,0
208,832,2445,181,2445,2,right+A,0.00034977035829797387,0.0016206753207370639,0.44696635007858276,0.003777858568355441,0.5472853183746338,0.7240961194038391,12.0,2382.0,0,2,359,0,0,0
209,836,2457,196,2457,3,right+B,0.0001280953292734921,0.0028950220439583063,0.0012692067539319396,0.993740975856781,0.0019666661974042654,0.04502793028950691,12.0,2394.0,0,2,359,0,0,0
210,840,2469,198,2469,3,right+B,7.602947789564496e-06,0.00021013314835727215,1.4914396160747856e-05,0.9997219443321228,4.536635969998315e-05,0.002766813850030303,11.0,2405.0,0,2,358,0,0,0
211,844,2481,187,2481,3,right+B,2.2714390070177615e-05,0.00045880963443778455,7.801258470863104e-05,0.9992265701293945,0.00021383960847742856,0.0070878928527235985,12.0,2417.0,0,2,358,0,0,0
212,848,2493,168,2493,3,right+B,0.0003621439100243151,0.003651583567261696,0.007023119367659092,0.9740793704986572,0.014883740805089474,0.14639344811439514,12.0,2429.0,0,2,358,0,0,0
213,852,2505,148,2505,2,right+A,0.0014256443828344345,0.012566727586090565,0.35684260725975037,0.18621614575386047,0.4429489076137543,1.1057500839233398,12.0,2441.0,0,2,358,0,0,0
214,856,2517,128,2517,2,right+A,0.0001636789966141805,0.0008735787705518305,0.29265686869621277,0.0015473638195544481,0.7047585844993591,0.6237912178039551,12.0,2453.0,0,2,358,0,0,0
215,860,2529,108,2529,2,right+A,0.0008576358668506145,0.007806581910699606,0.19279219210147858,0.13255630433559418,0.6659872531890869,0.8998798131942749,11.0,2464.0,0,2,357,0,0,0
216,864,2541,95,2541,3,right+B,3.896133057423867e-05,0.0004398846940603107,0.000473672611406073,0.9957393407821655,0.0033081350848078728,0.03056679293513298,12.0,2476.0,0,2,357,0,0,0
217,868,2553,90,2553,3,right+B,1.6665102521074004e-05,0.00024343981931451708,0.00011818798520835117,0.9990160465240479,0.0006057116552256048,0.008749212138354778,12.0,2488.0,0,2,357,0,0,0
218,872,2565,79,2565,3,right+B,3.110517718596384e-05,0.00039606165955774486,0.00027663155924528837,0.9965587258338928,0.0027374960482120514,0.02528030052781105,12.0,2500.0,0,2,357,0,0,0
219,876,2577,97,2577,4,right+A+B,4.959441412211163e-06,1.7502794435131364e-05,0.016271041706204414,7.088040547387209e-06,0.9836994409561157,0.08351324498653412,12.0,2512.0,0,2,357,0,0,0
220,880,2589,117,2589,4,right+A+B,3.0262706786743365e-05,0.00016555834736209363,0.029872901737689972,0.00011794001329690218,0.969813346862793,0.13742727041244507,11.0,2523.0,0,2,356,0,0,0
221,884,2601,133,2601,4,right+A+B,4.796019857167266e-05,0.00028716574888676405,0.006357125006616116,0.0004397702286951244,0.9928680658340454,0.04547978937625885,12.0,2535.0,0,2,356,0,0,0
222,888,2613,147,2613,4,right+A+B,6.24968160991557e-05,0.0003638262569438666,0.002189082559198141,0.002616031328216195,0.9947686195373535,0.037665557116270065,12.0,2547.0,0,2,356,0,0,0
223,892,2625,156,2625,4,right+A+B,1.2717547178908717e-05,4.9684338591760024e-05,0.0011069320607930422,0.00016510370187461376,0.9986655712127686,0.010940921492874622,12.0,2559.0,0,2,356,0,0,0
224,896,2637,162,2637,4,right+A+B,9.125408723775763e-06,3.927284706151113e-05,0.0014387540286406875,0.00022567097039427608,0.9982871413230896,0.013525615446269512,12.0,2571.0,0,2,356,0,0,0
225,900,2649,165,2649,4,right+A+B,2.592252531030681e-05,0.00017079149256460369,0.010331202298402786,0.0019403628539294004,0.9875317215919495,0.07350313663482666,11.0,2582.0,0,2,355,0,0,0
226,904,2661,162,2661,4,right+A+B,9.69662141869776e-05,0.001765024964697659,0.010839949361979961,0.8127043843269348,0.1745937317609787,0.5343935489654541,12.0,2594.0,0,2,355,0,0,0
227,908,2673,147,2673,3,right+B,2.7329372187523404e-07,1.2558480193547439e-05,2.2107815311755985e-06,0.9999665021896362,1.854552647273522e-05,0.0004100794903934002,12.0,2606.0,0,2,355,0,0,0
228,912,2685,143,2685,3,right+B,1.1294740254186308e-08,1.074431906999962e-06,3.2687403006548266e-08,0.9999986886978149,2.0026996594424418e-07,1.957933636731468e-05,12.0,2618.0,0,2,355,0,0,0
229,916,2697,143,2697,3,right+B,7.204945529082352e-09,1.0725156016633264e-06,4.760400429404399e-08,0.9999988079071045,8.310547627843334e-08,1.798852281353902e-05,12.0,2630.0,0,2,355,0,0,0
230,920,2709,143,2709,3,right+B,4.744690045299649e-07,7.208122406154871e-05,0.00012323337432462722,0.9997891783714294,1.5029458154458553e-05,0.0021813029889017344,11.0,2641.0,0,2,354,0,0,0
231,924,2721,143,2721,3,right+B,4.515489854384214e-05,0.004181487951427698,0.4176548719406128,0.568915843963623,0.009202677756547928,0.7520343661308289,12.0,2653.0,0,2,354,0,0,0
232,928,2733,161,2733,2,right+A,8.586569492763374e-06,0.0003195299068465829,0.9785568118095398,0.0002735592715907842,0.020841512829065323,0.10680146515369415,12.0,2665.0,0,2,354,0,0,0
233,932,2745,181,2745,2,right+A,6.6942789089807775e-06,0.00027286336990073323,0.9725301861763,8.722377242520452e-05,0.0271029993891716,0.1280137598514557,12.0,2677.0,0,2,354,0,0,0
234,936,2757,197,2757,2,right+A,4.163557241554372e-05,0.003214429598301649,0.9095468521118164,0.0025315270759165287,0.08466558903455734,0.3292835056781769,12.0,2689.0,0,2,354,0,0,0
235,940,2769,211,2769,4,right+A+B,4.5677064917981625e-05,0.006100561935454607,0.896597146987915,0.0038647851906716824,0.0933917984366417,0.37232738733291626,11.0,2700.0,0,2,353,0,0,0
236,944,2781,220,2781,2,right+A,0.00025845575146377087,0.09315277636051178,0.37512341141700745,0.4452158808708191,0.08624954521656036,1.1626653671264648,12.0,2712.0,0,2,353,0,0,0
237,948,2793,224,2793,3,right+B,0.00011231210373807698,0.03908923268318176,0.016145065426826477,0.9149154424667358,0.02973799593746662,0.3802582025527954,12.0,2724.0,0,2,353,0,0,0
238,952,2805,216,2805,3,right+B,4.964116669725627e-05,0.013462505303323269,0.002004439476877451,0.9684480428695679,0.01603538729250431,0.1682613641023636,12.0,2736.0,0,2,353,0,0,0
239,956,2817,197,2817,3,right+B,4.332398748374544e-05,0.009291158989071846,0.0015647932887077332,0.9674568176269531,0.021643897518515587,0.16898377239704132,12.0,2748.0,0,2,353,0,0,0
240,960,2829,177,2829,4,right+A+B,6.02215040998999e-05,0.0038877923507243395,0.05225798487663269,0.010842637158930302,0.9329514503479004,0.29020872712135315,11.0,2759.0,0,2,352,0,0,0
241,964,2841,157,2841,4,right+A+B,1.9747336409636773e-05,0.000589776027482003,0.008886255323886871,0.0008756909519433975,0.9896285533905029,0.06305408477783203,12.0,2771.0,0,2,352,0,0,0
242,968,2853,137,2853,4,right+A+B,1.3931769899500068e-05,0.0002913406351581216,0.0030964375473558903,0.00045463451533578336,0.9961436986923218,0.027765046805143356,12.0,2783.0,0,2,352,0,0,0
243,972,2865,117,2865,4,right+A+B,5.2905357733834535e-05,0.0012572591658681631,0.003247005632147193,0.0028635109774768353,0.9925794005393982,0.0516841858625412,12.0,2795.0,0,2,352,0,0,0
244,976,2877,111,2877,3,right+B,0.0007300868164747953,0.024393312633037567,0.0028286005835980177,0.35224461555480957,0.6198034286499023,0.7764817476272583,12.0,2807.0,0,2,352,0,0,0
245,980,2889,129,2889,4,right+A+B,0.002579087857156992,0.06569646298885345,0.006938307546079159,0.3853811025619507,0.5394049882888794,0.9291708469390869,11.0,2818.0,0,2,351,0,0,0
246,984,2901,149,2901,4,right+A+B,0.0004350327071733773,0.004724165424704552,0.008499541319906712,0.0012300930684432387,0.9851111769676208,0.09220895171165466,12.0,2830.0,0,2,351,0,0,0
247,988,2913,164,2913,1,right,0.0024399668909609318,0.027459263801574707,0.033180415630340576,0.015596246346831322,0.9213240742683411,0.36678969860076904,12.0,2842.0,0,2,351,0,0,0
248,992,2925,166,2925,3,right+B,0.0020033670589327812,0.04426536709070206,0.0021743793040513992,0.9367935657501221,0.01476336270570755,0.28717952966690063,12.0,2854.0,0,2,351,0,0,0
249,996,2937,155,2937,3,right+B,0.009105895645916462,0.15643250942230225,0.13355937600135803,0.6441916227340698,0.056710533797740936,1.0479094982147217,12.0,2866.0,0,2,351,0,0,0
250,1000,2948,143,2948,3,right+B,0.003036011941730976,0.04509560018777847,0.029888000339269638,0.9121654033660889,0.00981494877487421,0.39150798320770264,10.0,2876.0,0,2,350,0,0,0
251,1004,2947,157,2948,4,right+A+B,0.0017493576742708683,0.01841798610985279,0.8890286087989807,0.0027800193056464195,0.0880240947008133,0.4195204973220825,0.0,2876.0,1,2,350,0,0,0
252,1008,2948,173,2948,4,right+A+B,0.0031355859246104956,0.04872861132025719,0.7920230627059937,0.008103159256279469,0.1480095386505127,0.6717711091041565,0.0,2876.0,2,2,350,0,0,0
253,1012,2951,186,2951,2,right+A,0.008481912314891815,0.18090970814228058,0.6314557790756226,0.0572374053299427,0.12191525846719742,1.0603588819503784,3.0,2879.0,0,2,350,0,0,0
254,1016,2955,196,2955,2,right+A,0.011597966775298119,0.24270598590373993,0.5043529868125916,0.14651542901992798,0.09482758492231369,1.245344638824463,4.0,2883.0,0,2,350,0,0,0
255,1020,2961,201,2961,1,right,0.012274956330657005,0.2439885437488556,0.5033153295516968,0.13780561089515686,0.10261545330286026,1.2504860162734985,5.0,2888.0,0,2,349,0,0,0
256,1024,2968,197,2968,2,right+A,0.013277176767587662,0.2489410936832428,0.4921749532222748,0.14832943677902222,0.09727730602025986,1.2621901035308838,7.0,2895.0,0,2,349,0,0,0
257,1028,2975,181,2975,3,right+B,0.014702720567584038,0.27402809262275696,0.3847520053386688,0.21395441889762878,0.11256277561187744,1.3600566387176514,7.0,2902.0,0,2,349,0,0,0
258,1032,2978,175,2979,2,right+A,0.014053900726139545,0.27518025040626526,0.40386030077934265,0.15573331713676453,0.15117232501506805,1.3564040660858154,4.0,2906.0,0,2,349,0,0,0
259,1036,2978,175,2979,2,right+A,0.013057000003755093,0.23139473795890808,0.38157209753990173,0.16421376168727875,0.20976240932941437,1.3872199058532715,0.0,2906.0,1,2,349,0,0,0
260,1040,2978,175,2979,2,right+A,0.012371287681162357,0.16286326944828033,0.43466171622276306,0.11437049508094788,0.27573326230049133,1.3152893781661987,-1.0,2905.0,2,2,348,0,0,0
261,1044,2978,175,2979,1,right,0.011067681945860386,0.1470526158809662,0.4241783916950226,0.14545032382011414,0.2722508907318115,1.3301398754119873,0.0,2905.0,3,2,348,0,0,0
262,1048,2978,189,2979,2,right+A,0.011546353809535503,0.14111419022083282,0.39850425720214844,0.1458805352449417,0.30295464396476746,1.337074637413025,0.0,2905.0,4,2,348,0,0,0
263,1052,2980,205,2980,4,right+A+B,0.011584129184484482,0.1412486881017685,0.4008052349090576,0.14603112637996674,0.30033087730407715,1.3367618322372437,1.0,2906.0,0,2,348,0,0,0
264,1056,2983,217,2983,1,right,0.011626850813627243,0.1420629620552063,0.4028426706790924,0.14799083769321442,0.2954767048358917,1.3382800817489624,3.0,2909.0,0,2,348,0,0,0
265,1060,2987,218,2987,2,right+A,0.011856354773044586,0.1461304873228073,0.38532590866088867,0.15802419185638428,0.29866302013397217,1.3535717725753784,3.0,2912.0,0,2,347,0,0,0
266,1064,2992,209,2992,3,right+B,0.013331006281077862,0.14948207139968872,0.32553887367248535,0.2141004353761673,0.2975476086139679,1.397681713104248,5.0,2917.0,0,2,347,0,0,0
267,1068,2994,191,2995,3,right+B,0.012844325043261051,0.12839840352535248,0.2568444013595581,0.22964715957641602,0.3722657561302185,1.3743255138397217,3.0,2920.0,0,2,347,0,0,0
268,1072,2995,205,2995,2,right+A,0.012377648614346981,0.1168518140912056,0.14829121530056,0.4335792064666748,0.28890013694763184,1.3093029260635376,0.0,2920.0,1,2,347,0,0,0
269,1076,2996,221,2996,4,right+A+B,0.010758212767541409,0.09508107602596283,0.14111796021461487,0.43733343482017517,0.31570932269096375,1.2745094299316406,1.0,2921.0,0,2,347,0,0,0
270,1080,2998,233,2998,3,right+B,0.011779041960835457,0.094053715467453,0.1628989428281784,0.3749571740627289,0.3563110828399658,1.3057563304901123,1.0,2922.0,0,2,346,0,0,0
271,1084,3002,234,3002,3,right+B,0.010714272037148476,0.08712173253297806,0.1440475434064865,0.3728080987930298,0.38530829548835754,1.2756456136703491,4.0,2926.0,0,2,346,0,0,0
272,1088,3006,225,3006,2,right+A,0.010611647740006447,0.08644808083772659,0.15711800754070282,0.33079993724823,0.4150222837924957,1.2815937995910645,4.0,2930.0,0,2,346,0,0,0
273,1092,3012,207,3012,3,right+B,0.009877963922917843,0.07678394764661789,0.09608682245016098,0.46573498845100403,0.3515162169933319,1.1911766529083252,6.0,2936.0,0,2,346,0,0,0
274,1096,3018,221,3018,4,right+A+B,0.009551242925226688,0.06519447267055511,0.14503811299800873,0.22728285193443298,0.5529332756996155,1.1668188571929932,6.0,2942.0,0,2,346,0,0,0
275,1100,3025,237,3025,4,right+A+B,0.008531315252184868,0.052877429872751236,0.15812839567661285,0.2848397493362427,0.4956231415271759,1.1933423280715942,6.0,2948.0,0,2,345,0,0,0
276,1104,3032,251,3032,4,right+A+B,0.008972208015620708,0.04291925206780434,0.06385736912488937,0.4759747087955475,0.40827640891075134,1.0721960067749023,7.0,2955.0,0,2,345,0,0,0
277,1108,3039,259,3039,3,right+B,0.009901554323732853,0.04130755737423897,0.14762811362743378,0.2463674396276474,0.5547953248023987,1.1317577362060547,7.0,2962.0,0,2,345,0,0,0
278,1112,3046,259,3046,4,right+A+B,0.011264036409556866,0.04088209941983223,0.1648082435131073,0.19831152260303497,0.5847341418266296,1.1129980087280273,7.0,2969.0,0,2,345,0,0,0
279,1116,3053,252,3053,4,right+A+B,0.01406679768115282,0.05040247365832329,0.06833348423242569,0.5621283650398254,0.3050689101219177,1.0799143314361572,7.0,2976.0,0,2,345,0,0,0
280,1120,3060,235,3060,2,right+A,0.01962169073522091,0.05465901270508766,0.13861820101737976,0.31997931003570557,0.46712175011634827,1.2300962209701538,6.0,2982.0,0,2,344,0,0,0
281,1124,3067,215,3067,3,right+B,0.007369004189968109,0.024059895426034927,0.00562697509303689,0.9141168594360352,0.04882729798555374,0.38452741503715515,7.0,2989.0,0,2,344,0,0,0
282,1128,3074,195,3074,3,right+B,0.019029393792152405,0.06537636369466782,0.04377910494804382,0.6260526776313782,0.24576248228549957,1.0287716388702393,7.0,2996.0,0,2,344,0,0,0
283,1132,3081,175,3081,3,right+B,0.005958454683423042,0.02302704192698002,0.00474531389772892,0.9380770921707153,0.02819211408495903,0.30332642793655396,7.0,3003.0,0,2,344,0,0,0
284,1136,3088,155,3088,3,right+B,0.01790803298354149,0.06988877803087234,0.1719684600830078,0.5384944081306458,0.20174026489257812,1.2169963121414185,7.0,3010.0,0,2,344,0,0,0
285,1140,3095,135,3095,3,right+B,0.014018573798239231,0.07088874280452728,0.1319124698638916,0.6679821014404297,0.11519812792539597,1.033125400543213,6.0,3016.0,0,2,343,0,0,0
286,1144,3102,115,3102,3,right+B,0.012764409184455872,0.05837118998169899,0.19850759208202362,0.5967429876327515,0.13361385464668274,1.119485855102539,7.0,3023.0,0,2,343,0,0,0
287,1148,3109,95,3109,4,right+A+B,0.002501030685380101,0.011383759789168835,0.8710719347000122,0.006820352282375097,0.10822296142578125,0.4608266055583954,7.0,3030.0,0,2,343,0,0,0
288,1152,3116,79,3116,4,right+A+B,0.010549085214734077,0.054358553141355515,0.6887916922569275,0.1241118311882019,0.12218882888555527,0.9789417386054993,7.0,3037.0,0,2,343,0,0,0
289,1156,3124,79,3124,2,right+A,0.003352181054651737,0.02348734438419342,0.9020875692367554,0.011050594039261341,0.06002227962017059,0.4187946319580078,8.0,3045.0,0,2,343,0,0,0
290,1160,3134,79,3134,1,right,0.01147991232573986,0.06069590896368027,0.6242892742156982,0.12145162373781204,0.18208327889442444,1.0816634893417358,9.0,3054.0,0,2,342,0,0,0
291,1164,3146,97,3146,4,right+A+B,0.007130313199013472,0.03575568273663521,0.5865432024002075,0.09406484663486481,0.27650588750839233,1.0450801849365234,12.0,3066.0,0,2,342,0,0,0
292,1168,3161,117,3161,4,right+A+B,0.0062722875736653805,0.018903808668255806,0.2998776435852051,0.12095988541841507,0.5539863705635071,1.0506912469863892,24.0,3090.0,0,2,342,1,1,0
